"theta.hat","lambda.hat"
2.11715698242188,25.0784396994697
2.227783203125,26.2713046518955
2.16293334960938,25.798275908748
2.1820068359375,25.9302236478845
2.2125244140625,25.4943378755925
2.17819213867188,25.5540370699468
2.13241577148438,25.2969935237161
2.2430419921875,26.329028859302
2.20489501953125,25.7703030290501
2.1820068359375,26.15940949697
2.25830078125,26.7513417122037
2.2125244140625,26.0964082894381
2.2125244140625,26.1359627448869
2.18582153320312,25.806354427749
2.166748046875,26.0766545383437
2.25830078125,26.8253073593883
2.1514892578125,25.3781171317215
2.26593017578125,26.7613976330257
2.2125244140625,26.0229194848165
2.25830078125,26.5564664296329
2.20870971679688,26.1901489875073
2.20489501953125,26.3877800210726
2.166748046875,25.8889297360816
2.166748046875,25.4309000595034
2.2125244140625,26.3048563337355
2.15530395507812,25.1473891527357
2.227783203125,26.2942638343638
2.20870971679688,25.9555086944436
2.227783203125,26.1517949268408
2.16293334960938,25.652083774789
2.16293334960938,25.637690714675
2.12860107421875,25.4938187678899
2.23541259765625,26.1461736514124
2.0904541015625,24.8275155109095
2.22396850585938,26.5534196286596
2.1209716796875,24.9230502118075
2.15911865234375,25.6382325626082
2.2735595703125,26.52621993695
2.227783203125,26.2346019958118
2.17819213867188,25.9927554226779
2.227783203125,26.1717156078059
2.20108032226562,26.3260402956133
2.23159790039062,26.3693237491774
2.197265625,26.3318523044268
2.19345092773438,26.320280117656
2.20870971679688,26.0303320509179
2.12860107421875,25.4598873983102
2.12860107421875,25.390213962563
2.166748046875,25.4305717993346
2.288818359375,26.9061649058783
2.227783203125,26.3712274300643
2.2125244140625,26.3866910181731
2.20489501953125,25.7424221060422
2.1820068359375,25.6735299633248
2.1820068359375,25.7699837185953
2.15911865234375,25.4067674388498
2.23541259765625,26.3923202559998
2.22015380859375,26.0678493875815
2.17819213867188,25.8997597790983
2.1820068359375,25.6115432368825
2.1820068359375,25.9644428073016
2.22015380859375,26.3336923281585
2.1820068359375,25.9633399548914
2.16293334960938,26.0155565112025
2.20108032226562,25.6682282906671
2.22015380859375,26.0181894407387
2.17819213867188,26.1323609319246
2.09426879882812,24.7114639739479
2.18963623046875,25.8646316621303
2.23541259765625,26.0524929862491
2.3040771484375,26.8987445032657
2.23541259765625,26.1977310911029
2.227783203125,26.3996467630555
2.22396850585938,26.0352262315976
2.17437744140625,25.9914403710959
2.2735595703125,26.9645245676018
2.2125244140625,26.4406894016922
2.25448608398438,26.1718309778277
2.26974487304688,26.9936111964893
2.20489501953125,26.017041878878
2.08282470703125,24.8463931676424
2.22396850585938,26.1246614153375
2.16293334960938,25.3011528932364
2.2125244140625,25.8783983532045
2.197265625,25.7778910643821
2.20489501953125,26.056196512644
2.22015380859375,25.7806326750742
2.15530395507812,25.862842901975
2.197265625,26.0754780839654
2.15530395507812,25.8448464858456
2.227783203125,26.1242247724291
2.18582153320312,25.1471472620855
2.16293334960938,25.6850853572518
2.17819213867188,25.4904805100217
2.1820068359375,25.6010958207496
2.20489501953125,26.0233888077968
2.20108032226562,25.9242459277179
2.197265625,25.9039455853666
2.11334228515625,25.0059472576958
2.15911865234375,25.3291847108182
2.09808349609375,24.9110603088503
2.25830078125,26.7771203526648
2.12860107421875,25.4154497689331
2.24685668945312,26.4889355652259
2.14385986328125,24.8704979652198
2.15530395507812,25.3432532960328
2.2125244140625,25.9206580434193
2.17056274414062,25.5821658548199
2.13623046875,25.0634566650626
2.14004516601562,25.2763643128931
2.14767456054688,25.5387473430429
2.17056274414062,25.5689652328316
2.25067138671875,27.1162993173546
2.0751953125,24.5769548496558
2.288818359375,26.5135917862117
2.14004516601562,25.5396631982195
2.25067138671875,26.236509212248
2.1820068359375,25.7255397772517
2.22396850585938,25.9443497278592
2.2430419921875,26.5438300834202
2.17437744140625,25.8792969122017
2.17819213867188,25.7191161511607
2.26593017578125,26.7555009809437
2.27737426757812,26.4139912805954
2.09808349609375,24.672496909504
2.23159790039062,26.4430887162378
2.13623046875,25.2167573726166
2.14385986328125,25.0962761743642
2.23159790039062,25.9614830009465
2.2735595703125,26.8608644947904
2.17819213867188,25.4461595021871
2.23159790039062,26.3485736030454
2.13241577148438,25.1196951906593
2.1514892578125,25.5534866703146
2.13623046875,24.9666608400211
2.18963623046875,26.135198434614
2.12860107421875,25.4098532288175
2.1514892578125,25.6179354627756
2.17437744140625,25.8988067892433
2.2125244140625,25.7541213976903
2.15911865234375,25.3276260525541
2.22015380859375,26.3902095911731
2.07901000976562,24.7988331698781
2.19345092773438,25.8452554078818
2.22015380859375,26.5488854743778
2.23922729492188,26.5869776100803
2.11715698242188,25.0337446498895
2.3345947265625,27.2065838418338
2.15530395507812,25.5622629890669
2.28118896484375,26.6175264581623
2.14767456054688,25.6192827345432
2.1820068359375,25.57956299326
2.15911865234375,25.5449861586157
2.23159790039062,26.2107561820117
2.17437744140625,25.4141642035398
2.23922729492188,26.3932191115497
2.13623046875,25.5826500198786
2.20489501953125,26.0419755896863
2.0904541015625,24.8673617376229
2.28118896484375,26.5919629880724
2.14767456054688,25.5131783775598
2.2125244140625,26.0868314362438
2.12860107421875,25.1106360566704
2.1209716796875,24.7808150829573
2.20489501953125,25.7899470477966
2.22015380859375,26.223974316412
2.28118896484375,26.430137448908
2.1209716796875,25.1601524749227
2.18963623046875,25.9854244034654
2.2430419921875,26.4851406897012
2.22015380859375,26.1699815991975
2.28118896484375,27.0953507333789
2.28118896484375,26.9322341998933
2.15911865234375,25.5175408613811
2.26593017578125,26.9257696728714
2.1514892578125,25.7161324450939
2.1209716796875,25.0472310182364
2.18582153320312,25.9258801193102
2.20489501953125,26.7390439429125
2.13623046875,24.9926991115253
2.22015380859375,26.3551395099785
2.20489501953125,25.8513070534684
2.13241577148438,24.9897128956818
2.17437744140625,25.4704871165457
2.14385986328125,25.0831866719201
2.18963623046875,25.627999226161
2.14004516601562,25.3809384635249
2.20489501953125,26.3189699903998
2.166748046875,25.5557080814887
2.11334228515625,24.9702035015823
2.24685668945312,25.9556064225734
2.1514892578125,25.3611992500564
2.22396850585938,26.2701951266138
2.17437744140625,25.685191100113
2.197265625,25.8920535623891
2.13623046875,25.2800093907609
2.17437744140625,25.8450475834196
2.20489501953125,25.9259730396054
2.197265625,25.6720314856731
2.105712890625,25.0487903536193
2.2125244140625,25.9778839190847
2.197265625,26.1924076240453
2.22396850585938,26.2826468283532
2.21633911132812,26.10467505783
2.1209716796875,25.0491395543785
2.23159790039062,26.4292879481277
2.15530395507812,25.1743472547384
2.24685668945312,26.0827511062126
2.24685668945312,26.4429338681048
2.23922729492188,26.2373062624794
2.17437744140625,25.7346187017597
2.15911865234375,25.9765896587289
2.2430419921875,26.708764771402
2.20870971679688,26.4016230573579
2.12860107421875,25.224418418374
2.227783203125,26.3985062959982
2.17437744140625,25.3788582587183
2.14385986328125,25.6999074817974
2.21633911132812,25.9552678464226
2.15530395507812,25.6234902047458
2.197265625,25.7578333871777
2.2430419921875,26.628450885994
2.1514892578125,25.6365276333162
2.2125244140625,26.4101586855785
2.28118896484375,26.7129590072289
2.12478637695312,25.4798716792544
2.1820068359375,25.8432022684482
2.24685668945312,26.3002567260252
2.197265625,25.986754192135
2.166748046875,25.4506066044526
2.09808349609375,24.989828520371
2.23922729492188,26.5519913085493
2.15911865234375,25.5949613617777
2.18963623046875,26.0681518874871
2.28118896484375,26.9536318534847
2.22015380859375,26.319775864612
2.197265625,25.6540393189189
2.22396850585938,26.583863263916
2.227783203125,26.1979842028216
2.17056274414062,25.733371766125
2.18963623046875,25.7303200944615
2.1820068359375,25.9792785366813
2.2430419921875,26.6880106750702
2.25830078125,26.0451800543006
2.17056274414062,25.6767984824344
2.1820068359375,25.7826042443971
2.17819213867188,25.8751516684557
2.24685668945312,26.4475902667176
2.29644775390625,27.1056249318005
2.166748046875,25.8545322125765
2.23541259765625,25.9985477858947
2.18963623046875,25.9634373908348
2.08663940429688,24.6415085277963
2.25067138671875,26.4271655308414
2.28118896484375,26.5018901946207
2.18963623046875,25.6005991714435
2.24685668945312,26.0529661162066
2.13623046875,25.1162427049973
2.09808349609375,24.7343150939679
2.2125244140625,26.6450916618448
2.17056274414062,25.6730454628367
2.23541259765625,26.522552251075
2.15911865234375,25.7166202720673
2.2735595703125,26.8663043742577
2.23922729492188,26.7134352052
2.17437744140625,25.5644983659535
2.28118896484375,26.748036604858
2.29644775390625,26.6273022082975
2.19345092773438,25.6186842628449
2.21633911132812,25.8385919690692
2.15911865234375,25.3672353176997
2.17056274414062,25.7221397905595
2.26593017578125,26.2509742567347
2.17437744140625,26.2431255112093
2.22396850585938,26.1243035719364
2.166748046875,25.6812737213884
2.24685668945312,26.821186213605
2.24685668945312,26.5716767155644
2.15530395507812,25.1099816090928
2.2125244140625,26.0702512250823
2.13623046875,25.5769374372271
2.1820068359375,25.9636659433573
2.23541259765625,25.8095862859653
2.17819213867188,25.750816095987
2.14004516601562,25.3785542286382
2.1514892578125,25.2599009479116
2.197265625,25.976430839668
2.197265625,25.887900821866
2.2125244140625,26.1147610170937
2.25067138671875,26.4196846379268
2.15911865234375,24.8757727454018
2.22396850585938,26.0972311219626
2.14385986328125,25.0876406195098
2.17819213867188,25.5667463981116
2.23922729492188,26.6336413679429
2.15530395507812,25.6829867680229
2.2125244140625,26.0613527596817
2.20870971679688,25.9132225060027
2.21633911132812,26.2881220632562
2.17819213867188,25.8549606608366
2.25830078125,26.5467678414041
2.1820068359375,25.5368294851561
2.14385986328125,25.2522990236683
2.20870971679688,26.2746765939435
2.15911865234375,25.5085627534203
2.166748046875,25.3614857457733
2.20870971679688,26.5735583735292
2.2125244140625,26.1547172940416
2.227783203125,25.9899287806046
2.20108032226562,25.3217117856673
2.17437744140625,25.6263097490294
2.28118896484375,27.035393535942
2.14385986328125,25.7647928531089
2.18963623046875,25.6799363318131
2.20489501953125,25.5357421355769
2.15530395507812,25.1058430025578
2.197265625,25.8268292082195
2.2430419921875,26.2785308435714
2.227783203125,25.9933528086984
2.227783203125,26.1515400267217
2.1514892578125,25.6318689218583
2.1514892578125,25.5186189396836
2.166748046875,26.0641062347897
2.1209716796875,25.1433610695333
2.2735595703125,26.895403062935
2.25067138671875,26.7198464054796
2.2430419921875,26.4742863263459
2.2430419921875,26.3249734136445
2.17819213867188,25.6213949805204
2.197265625,25.5724075083996
2.14767456054688,25.2747703645035
2.20489501953125,25.9031742802725
2.15530395507812,25.7390029700527
2.23541259765625,26.5064340210852
2.197265625,25.9353564344302
2.19345092773438,25.4228461446468
2.166748046875,25.7303741640987
2.22396850585938,26.2985902525167
2.23159790039062,26.4374529769311
2.23541259765625,26.2256102932244
2.15911865234375,25.2357610898068
2.227783203125,26.1550625555859
2.14385986328125,25.6335619396326
2.13241577148438,25.252089149438
2.22015380859375,26.1995117698987
2.20489501953125,26.3112010272069
2.30789184570312,26.5450561623112
2.10952758789062,25.0148733526337
2.166748046875,25.8543495385549
2.32315063476562,27.4051992006518
2.21633911132812,25.8620490613254
2.1820068359375,25.7429615841786
2.2430419921875,26.5419409888215
2.14767456054688,25.2844643626163
2.227783203125,26.4094109621988
2.25448608398438,26.9322802482679
2.197265625,25.7722113262549
2.19345092773438,25.930896674699
2.17819213867188,25.650755918705
2.22015380859375,26.1841118431675
2.26211547851562,26.5025707034465
2.17819213867188,26.223264066504
2.14004516601562,25.2971673007129
2.11715698242188,25.5114965121768
2.14767456054688,25.3269104908232
2.18582153320312,25.6640464682516
2.166748046875,25.6004712660481
2.15530395507812,25.6860931761944
2.13241577148438,25.1368793289709
2.25830078125,26.3496108693363
2.18963623046875,26.0538336731637
2.24685668945312,26.4966043702748
2.2125244140625,25.8202591804486
2.20108032226562,25.7689768526964
2.27737426757812,26.8315627251123
2.2125244140625,26.3268455622948
2.197265625,26.0421047069807
2.197265625,25.798959089968
2.18963623046875,26.1080991449735
2.20489501953125,25.9238591944676
2.22396850585938,26.0703879277339
2.17819213867188,25.6041952660563
2.20108032226562,26.1833129601687
2.23922729492188,26.1964325451828
2.20489501953125,25.9234765144525
2.25830078125,26.6194136159707
2.1820068359375,25.8136737612801
2.22396850585938,26.5090886748105
2.20489501953125,25.8785526045596
2.227783203125,26.4792338229555
2.12860107421875,25.1786279121699
2.166748046875,25.8001298897165
2.09426879882812,24.6913156099749
2.18582153320312,26.2842755625212
2.16293334960938,25.7246061934318
2.2125244140625,26.4412675007466
2.2125244140625,26.3835762214406
2.18963623046875,25.9723624648247
2.21633911132812,26.1937353289527
2.288818359375,26.7904887798445
2.18963623046875,25.7191096366336
2.23541259765625,26.3649023866847
2.23541259765625,25.9417557973144
2.25830078125,26.8646797167618
2.23159790039062,26.1868781682738
2.20489501953125,26.0135748380768
2.17056274414062,25.5717048004572
2.18963623046875,25.6007681338464
2.1820068359375,25.9826066306836
2.17819213867188,25.4128674185367
2.23541259765625,26.4630156335942
2.09808349609375,24.9712049929059
2.2125244140625,26.2887101931224
2.21633911132812,26.1253318167408
2.27737426757812,27.0417366636855
2.18963623046875,26.0504972225477
2.23541259765625,26.1182152782595
2.2430419921875,26.145711632922
2.16293334960938,25.4275548071231
2.2430419921875,26.3957347356431
2.17056274414062,25.5448058626568
2.2430419921875,26.6510088062789
2.15530395507812,25.8464197353676
2.22015380859375,26.0338458468714
2.22015380859375,26.2845010744371
2.11715698242188,25.3586404246276
2.23922729492188,26.4727266328302
2.1514892578125,25.4803216905209
2.11334228515625,25.157984680293
2.24685668945312,26.7129873214064
2.25448608398438,26.3070478423342
2.23922729492188,26.5193278464696
2.3345947265625,27.5055958943739
2.17819213867188,25.7474579502916
2.17056274414062,25.8426563616016
2.0904541015625,25.0572519270596
2.18963623046875,26.0298540442108
2.16293334960938,25.730661001399
2.26593017578125,26.8434955685746
2.20870971679688,26.1440419184924
2.1514892578125,25.3608581850946
2.14385986328125,25.6646752679906
2.166748046875,25.4059205203415
2.1820068359375,25.5077860731914
2.1514892578125,25.4443947905614
2.18963623046875,25.9053977265299
2.17056274414062,25.506419527078
2.15911865234375,25.4069125740193
2.197265625,25.3721049893381
2.20870971679688,25.977678886287
2.2735595703125,26.8829407641532
2.20489501953125,26.1507495936602
2.1820068359375,25.4717727528122
2.17437744140625,26.0274078793545
2.15911865234375,25.329607288875
2.2125244140625,26.1518399444559
2.26211547851562,26.4607694786151
2.17437744140625,25.43979904326
2.30026245117188,27.0462513183286
2.17437744140625,25.820598937744
2.1514892578125,25.1241277257969
2.15911865234375,25.4092296019572
2.17056274414062,25.653893634426
2.1820068359375,26.0849853254359
2.1820068359375,25.6995202980739
2.227783203125,26.1323254983457
2.17819213867188,25.8048860465001
2.26211547851562,26.578870175556
2.25067138671875,27.0707241835571
2.2125244140625,26.4621320140963
2.227783203125,25.9361826636855
2.1514892578125,25.5240484679481
2.21633911132812,26.3671615536785
2.22015380859375,26.0739837472293
2.29644775390625,27.5179399799207
2.197265625,26.3466989572716
2.17056274414062,25.9063122472694
2.23922729492188,26.2554643784119
2.15911865234375,25.3613891252029
2.22396850585938,26.0183350265943
2.20489501953125,26.2938770244834
2.20108032226562,25.8595086577264
2.12478637695312,25.2519174768435
2.15911865234375,25.009531606094
2.23541259765625,26.2010192604992
2.17056274414062,25.8387862511973
2.1820068359375,26.0065834232903
2.24685668945312,26.3615769620781
2.15530395507812,25.7229695500292
2.20489501953125,26.1492371640446
2.1514892578125,25.7288697090705
2.20489501953125,26.1356532186118
2.20489501953125,26.5158410338487
2.2735595703125,26.8097090634479
2.23541259765625,26.5656766187672
2.11715698242188,24.6590167115738
2.197265625,25.6581059220565
2.22396850585938,26.3388164501023
2.197265625,26.0919595386138
2.32696533203125,27.270292069373
2.18582153320312,25.8240696421801
2.17056274414062,25.423672263822
2.227783203125,26.2242957115431
2.20870971679688,26.4223129652199
2.288818359375,26.9126580155626
2.11715698242188,24.9189629689967
2.20108032226562,26.3210466594554
2.15911865234375,25.4777946701375
2.20489501953125,26.5118250357104
2.18963623046875,25.8289614806168
2.2125244140625,25.4284402149929
2.20489501953125,25.7838757943933
2.15911865234375,25.3701384155743
2.197265625,26.0491480393239
2.18582153320312,25.639831072231
2.25830078125,26.1518371708529
2.20108032226562,26.2326444221981
2.166748046875,25.685176242059
2.10189819335938,24.7819482673353
2.12478637695312,25.3340947396709
2.2125244140625,26.0948832067203
2.24685668945312,26.7716550405988
2.21633911132812,26.1347263279179
2.16293334960938,25.3268612910446
2.1820068359375,25.7273187093158
2.18963623046875,26.0319141105483
2.18963623046875,25.7490730082162
2.2735595703125,26.6761334886773
2.22015380859375,26.3130876789985
2.1514892578125,25.398546050802
2.17819213867188,25.5897809858303
2.1514892578125,25.2837112363512
2.20108032226562,25.6611574722242
2.1820068359375,26.1981028168071
2.1514892578125,25.2849487035508
2.14004516601562,25.2330832959326
2.26593017578125,26.7626712602578
2.166748046875,25.3230952815964
2.22015380859375,25.6747699907544
2.2430419921875,25.9488194759895
2.14385986328125,25.3258021637292
2.26593017578125,26.3359381477285
2.1514892578125,25.5365796816771
2.2735595703125,27.0029522382574
2.197265625,25.7981217514436
2.227783203125,26.4252082193214
2.1514892578125,25.6490804301971
2.17056274414062,25.9376593025584
2.29644775390625,26.6643147381103
2.25830078125,26.8854072539227
2.20108032226562,26.5581734183497
2.2430419921875,26.3860512983762
2.288818359375,26.7444076409406
2.17437744140625,25.6398500005701
2.26593017578125,26.7629040400139
2.12478637695312,25.0060452286948
2.2430419921875,26.6766786846244
2.25448608398438,26.6908696712052
2.22015380859375,26.1256914125264
2.21633911132812,25.7086018149796
2.28118896484375,26.4648046716589
2.21633911132812,26.2820882488555
2.17437744140625,25.4978647753929
2.1820068359375,25.8570034694557
2.17437744140625,25.867155751651
2.23541259765625,26.8113901902253
2.25067138671875,26.9961488936417
2.18582153320312,25.8940880506672
2.14004516601562,25.1808237112875
2.26211547851562,26.3882012774996
2.2430419921875,26.3149967538272
2.2125244140625,26.4128294706051
2.23159790039062,26.212618755036
2.17056274414062,25.8209789242928
2.10189819335938,24.8418447886367
2.15530395507812,25.8973220908013
2.227783203125,26.3033868544111
2.26593017578125,26.6031276136723
2.24685668945312,26.5253017680939
2.1820068359375,25.530928764904
2.26974487304688,26.4860599301619
2.25830078125,26.5575460785826
2.20489501953125,26.0142091446967
2.22015380859375,25.8459905006806
2.2430419921875,26.399545631015
2.14767456054688,25.1418239396311
2.25067138671875,26.3242376765957
2.17056274414062,25.6567426522449
2.11334228515625,24.9041138471073
2.166748046875,25.7852102092285
2.23541259765625,26.2772707589926
2.25067138671875,26.0399090475212
2.17819213867188,25.8714976403624
2.2125244140625,26.2266738758852
2.15530395507812,25.2674945058729
2.18963623046875,25.9709373054694
2.23541259765625,26.3625708809639
2.22015380859375,26.0677000091631
2.20489501953125,25.9667090146033
2.14385986328125,25.4161484783394
2.22015380859375,26.2308583267708
2.09808349609375,24.628189906312
2.227783203125,26.4175336497269
2.19345092773438,25.602351746808
2.16293334960938,25.6116203348111
2.18582153320312,26.0340227232732
2.227783203125,26.4679479962985
2.26974487304688,26.2218346628422
2.26974487304688,26.4265017524582
2.2125244140625,25.932076042791
2.14385986328125,25.3927550206379
2.09426879882812,25.0828700541385
2.20489501953125,25.9242412185123
2.28500366210938,26.5601911800142
2.166748046875,25.54118519765
2.2735595703125,26.5265476103483
2.1514892578125,25.4844515997394
2.17437744140625,25.9450101596586
2.13623046875,25.6022964622029
2.1820068359375,25.9598253760248
2.197265625,25.7989661807645
2.28118896484375,26.8270684547835
2.17056274414062,25.0646108806825
2.10189819335938,25.1627065331804
2.0904541015625,24.9404925430974
2.25830078125,26.4618646856558
2.227783203125,26.3090004113819
2.2125244140625,26.5110284438048
2.13241577148438,25.4785136602278
2.2125244140625,26.275918981133
2.08282470703125,24.8427910153181
2.197265625,26.1711664716724
2.25448608398438,26.468756555962
2.1514892578125,25.5644576240178
2.23541259765625,26.3799451439277
2.2430419921875,26.7145413746885
2.227783203125,26.1467859554859
2.22015380859375,25.790404877439
2.1209716796875,25.4657368132747
2.227783203125,26.7385968939421
2.17819213867188,25.8923073428296
2.18963623046875,25.6718799842332
2.23541259765625,26.2064400172294
2.23922729492188,26.0473049228975
2.227783203125,25.9990666360665
2.17437744140625,25.2902025655605
2.166748046875,25.9073546412027
2.15911865234375,25.6354561397392
2.19345092773438,25.9206963416476
2.19345092773438,25.8459973049518
2.2430419921875,26.3290001074351
2.166748046875,25.4468398959822
2.20489501953125,26.2199746105538
2.26593017578125,26.3946200173806
2.09426879882812,24.8503585184991
2.2735595703125,26.5905863305429
2.14767456054688,25.4159815869054
2.14767456054688,25.6029272427558
2.227783203125,26.3363883668447
2.26593017578125,26.4484911509026
2.25067138671875,26.3524361187975
2.17437744140625,25.7740347993868
2.17819213867188,25.498871983414
2.197265625,25.8014326694155
2.13623046875,25.601131720794
2.16293334960938,26.0099486485002
2.11334228515625,25.4678113014085
2.18582153320312,26.2306912899176
2.166748046875,25.7307605215527
2.288818359375,26.7787549455342
2.26211547851562,26.4197424297231
2.21633911132812,26.2691203142143
2.2430419921875,26.3403631479383
2.2125244140625,25.5942751485066
2.17437744140625,25.1821387382109
2.25067138671875,26.6486788867428
2.20489501953125,25.8640539827093
2.26593017578125,26.7245440416421
2.1820068359375,26.4889518360305
2.0599365234375,24.7694264069701
2.22015380859375,26.0391998172599
2.28118896484375,26.8556482556095
2.18582153320312,25.6868589033591
2.20108032226562,25.491566645337
2.14004516601562,25.4297789532477
2.2735595703125,26.9587941024783
2.23159790039062,25.9439252763891
2.2125244140625,26.1145291610687
2.20489501953125,25.6903256380026
2.18963623046875,25.8239437953383
2.166748046875,25.8373520588742
2.17437744140625,25.8728253219776
2.17819213867188,25.8291741961782
2.17819213867188,26.1135293974172
2.14767456054688,25.3660326546018
2.20108032226562,25.6334930219327
2.2125244140625,25.8253074584067
2.25448608398438,25.9270197737467
2.13623046875,25.2978864473902
2.17056274414062,25.6570906987785
2.14004516601562,25.0934056322239
2.288818359375,27.0991012153462
2.20870971679688,25.6133365075484
2.227783203125,26.2086491741121
2.18582153320312,25.6758037335315
2.19345092773438,26.3292679091477
2.2430419921875,26.2923467965918
2.288818359375,26.7000464003966
2.18582153320312,25.8492534918738
2.22015380859375,26.1349521075165
2.20489501953125,26.1075500273372
2.28118896484375,26.9035616164283
2.20489501953125,26.3280031167495
2.28118896484375,26.7534414938488
2.2125244140625,26.6989550113182
2.2735595703125,26.5091305632006
2.25448608398438,26.8050765913303
2.15911865234375,25.4903148455225
2.23922729492188,25.8454698325035
2.21633911132812,26.0086171814929
2.227783203125,26.5711706532437
2.23922729492188,26.3913570476283
2.16293334960938,25.6608096890879
2.197265625,25.7088625463025
2.18963623046875,26.0386593641189
2.23922729492188,26.5206916835352
2.26593017578125,26.8632485969554
2.20489501953125,25.8812212937573
2.28118896484375,27.0602730101719
2.23922729492188,26.0150587296525
2.14385986328125,25.7405304356319
2.12860107421875,25.0397555098836
2.105712890625,24.7748253686209
2.166748046875,25.5125035130287
2.25830078125,26.4200257473219
2.16293334960938,25.5015524944637
2.18963623046875,25.8102721568284
2.23541259765625,26.2696194300864
2.17056274414062,25.6288699534009
2.23922729492188,26.4034136025466
2.18963623046875,26.1169730950967
2.13623046875,25.4049232625896
2.29263305664062,26.7529765839351
2.1514892578125,25.611885705009
2.1209716796875,25.2156849252677
2.25830078125,26.5559910971108
2.166748046875,25.785109463663
2.2125244140625,25.8432542003504
2.20489501953125,25.9998475120939
2.23541259765625,26.2527707022012
2.13623046875,25.5060712149585
2.25067138671875,26.4469350172775
2.2735595703125,26.5856599218998
2.166748046875,25.394025760016
2.227783203125,26.4779357049245
2.28500366210938,26.9694629869825
2.2125244140625,25.762626123306
2.197265625,25.821955408183
2.25830078125,26.3789861585816
2.22396850585938,26.5527734379348
2.18963623046875,25.8706799527655
2.14385986328125,25.8091970905624
2.17437744140625,25.7286558085175
2.22015380859375,26.2179686890463
2.1820068359375,25.8791027830878
2.18963623046875,25.6901559595118
2.16293334960938,25.2918816988108
2.20489501953125,25.8220099955089
2.24685668945312,26.697473004401
2.2125244140625,26.0197310271369
2.2735595703125,26.3917048334411
2.09808349609375,25.0838430113745
2.25830078125,26.606329974583
2.17819213867188,25.7859256419682
2.21633911132812,26.2556834825492
2.14004516601562,24.8989254199344
2.26974487304688,27.0474296330842
2.18963623046875,25.8173729074729
2.166748046875,25.9165712526083
2.197265625,25.6368105482087
2.197265625,25.7498506698646
2.1514892578125,25.114812719669
2.105712890625,24.7934772065154
2.14385986328125,25.6137830086226
2.23541259765625,26.1224002025325
2.17437744140625,25.723572565947
2.20870971679688,25.7924485310339
2.2125244140625,25.9176616079374
2.20489501953125,26.503965887752
2.25830078125,26.5630418664069
2.23159790039062,26.366066706231
2.227783203125,26.6077985376759
2.2125244140625,26.276335335802
2.28118896484375,26.7526600648917
2.22015380859375,25.6615194782428
2.23541259765625,26.196995482603
2.21633911132812,26.2345737848113
2.1820068359375,26.3153940836864
2.227783203125,26.5006814913809
2.1820068359375,25.2637126155837
2.2430419921875,26.5410986592743
2.21633911132812,26.498309160063
2.2125244140625,25.6434689143975
2.20489501953125,26.1727418120424
2.13623046875,25.1461130967788
2.105712890625,25.2773280403824
2.166748046875,25.8281277135388
2.197265625,25.8618750374298
2.14004516601562,25.5802595913514
2.1820068359375,25.543733030784
2.17437744140625,26.1769732123869
2.19345092773438,25.5342045973122
2.10952758789062,25.5520801680415
2.197265625,25.9251398574504
2.16293334960938,25.4972336871265
2.227783203125,26.3817913334348
2.17437744140625,25.7069364520227
2.14767456054688,25.205525506978
2.23541259765625,26.8073817647198
2.18582153320312,25.4803564013419
2.23922729492188,26.2675363901559
2.288818359375,27.002479730711
2.19345092773438,26.0164414872121
2.166748046875,25.4585892907956
2.17056274414062,26.0979701954091
2.26593017578125,26.0747170186996
2.13241577148438,25.4752138302023
2.1514892578125,25.3335800740219
2.166748046875,25.1333833714328
2.23541259765625,26.1676231867441
2.20489501953125,25.5687164285038
2.17056274414062,25.9059822154276
2.27737426757812,26.8864652102531
2.25830078125,26.4242742996678
2.25067138671875,26.5079889272672
2.1514892578125,24.9845718171944
2.227783203125,26.4477046238763
2.18582153320312,25.9183291886017
2.14767456054688,25.2813400305546
2.18963623046875,25.7417524152924
2.25067138671875,26.5954133746032
2.17819213867188,25.717913429823
2.23159790039062,26.5709398574725
2.25830078125,26.721700103362
2.26211547851562,26.7968759768207
2.2125244140625,26.0854812556686
2.18963623046875,26.0879719946997
2.2430419921875,26.2418166359603
2.2430419921875,26.4641390170836
2.12860107421875,25.2808015931686
2.16293334960938,25.3768196547463
2.14385986328125,24.9465650133226
2.20489501953125,26.0911147258569
2.2125244140625,26.272692297874
2.15530395507812,25.6914378627583
2.1820068359375,26.1613463593883
2.1514892578125,25.7339843657116
2.2430419921875,26.9602154179676
2.227783203125,26.25800676366
2.25067138671875,26.5076562714117
2.23159790039062,26.6937179831351
2.22015380859375,26.5792889819206
2.1514892578125,25.3498512690288
2.166748046875,25.4096286879028
2.2125244140625,25.9084981145448
2.14385986328125,25.6658234598554
2.21633911132812,26.0066868567309
2.166748046875,25.5543272604853
2.105712890625,24.9449870046252
2.2735595703125,26.9739097255017
2.227783203125,26.2064933364849
2.17437744140625,25.7890907418295
2.09808349609375,25.1116370545916
2.15530395507812,24.5674513965975
2.18963623046875,26.1015121243306
2.0904541015625,25.2798128430476
2.2125244140625,25.9928778305578
2.26593017578125,27.0271515899648
2.22015380859375,26.1544041754631
2.17437744140625,25.6163022771389
2.11715698242188,25.4131748099648
2.19345092773438,26.1503745877855
2.227783203125,26.0589947860451
2.20108032226562,25.9344604723467
2.26593017578125,26.7379882649775
2.26593017578125,26.3500865282496
2.18582153320312,25.9383082007025
2.197265625,25.9616173569328
2.22015380859375,25.8708486631495
2.2430419921875,26.3112119675044
2.2430419921875,26.724056498728
2.22015380859375,25.9056794692109
2.17819213867188,26.1326433219763
2.12478637695312,24.9082171500977
2.12860107421875,25.2698549387099
2.20489501953125,26.0279501425003
2.18582153320312,25.8259665743483
2.25448608398438,26.6507488860548
2.166748046875,25.3829860368449
2.23159790039062,26.3533015044573
2.1209716796875,25.1099146392656
2.15911865234375,25.5602846306538
2.19345092773438,25.7547365473876
2.18963623046875,26.1365742975422
2.2430419921875,26.2498805778803
2.32696533203125,27.3088146265203
2.14004516601562,25.4074047716168
2.19345092773438,25.8530942502402
2.22015380859375,26.1424711533602
2.18582153320312,26.1088441803387
2.13623046875,25.1793854880977
2.27737426757812,26.7748711415478
2.14767456054688,25.4484588484358
2.227783203125,26.3553713392517
2.197265625,25.811755942818
2.25448608398438,26.77427705946
2.17437744140625,25.4001215032521
2.20870971679688,26.1200934171227
2.12860107421875,24.7281110282723
2.26211547851562,26.6684800738844
2.25830078125,26.5713171055381
2.26974487304688,27.1164318905085
2.22015380859375,26.0037950658494
2.14004516601562,25.1639397763284
2.2735595703125,26.6480980812015
2.15911865234375,25.312718691646
2.15911865234375,25.4027427975375
2.17437744140625,25.7642944141291
2.1820068359375,25.9003761454166
2.22015380859375,25.8638536697502
2.166748046875,25.1043259910807
2.20489501953125,25.883042237412
2.19345092773438,25.6683333234557
2.20870971679688,26.00646171504
2.23541259765625,26.1829551745915
2.25067138671875,26.6885748312294
2.18963623046875,26.3268100991588
2.1209716796875,25.4381490587992
2.28118896484375,26.8467836734486
2.2430419921875,26.4157979774539
2.17819213867188,25.7678029946394
2.23541259765625,26.3910730733596
2.227783203125,26.5816266741543
2.22015380859375,26.1648712152654
2.17437744140625,25.8826350879078
2.17819213867188,26.3132517734312
2.227783203125,26.2636233544404
2.197265625,25.8612289972964
2.20489501953125,26.162723038068
2.197265625,26.230317353878
2.20870971679688,26.3211033376199
2.17437744140625,25.5377361626854
2.227783203125,26.3652865531254
2.17437744140625,25.5071928464958
2.18582153320312,25.8269769647974
2.15530395507812,25.5067116635806
2.10952758789062,24.926084459507
2.28118896484375,26.9768832654354
2.15911865234375,25.1267531710448
2.22015380859375,25.9962614285576
2.2125244140625,26.5451767077706
2.20108032226562,25.6227113867484
2.22015380859375,26.5127219886613
2.197265625,26.1459481344435
2.15530395507812,25.5944894778219
2.22015380859375,26.344555832861
2.18963623046875,25.8232912627586
2.1820068359375,26.0082073164984
2.20489501953125,26.0225191745779
2.1820068359375,26.0019280849617
2.23159790039062,25.9610375946936
2.105712890625,25.5478925032143
2.13623046875,25.5034182571566
2.18963623046875,25.8977484147375
2.09808349609375,24.9443189895514
2.30026245117188,27.009457327866
2.16293334960938,25.4389973777835
2.2430419921875,26.503677792744
2.17056274414062,25.6780020346174
2.15530395507812,25.2173384125181
2.20870971679688,26.2030523040989
2.1514892578125,25.1669261424306
2.16293334960938,25.6532206158304
2.27737426757812,26.7860083921918
2.18963623046875,26.1857551616086
2.22015380859375,26.3293500285706
2.25067138671875,26.6770463607086
2.1514892578125,25.2741551748813
2.23541259765625,26.5019693104496
2.17819213867188,25.4669612053544
2.15911865234375,25.4713703740748
2.25067138671875,26.4599697653482
2.17437744140625,26.2094978086074
2.197265625,26.0016155018371
2.18963623046875,25.5794683965522
2.2430419921875,26.0970181018555
2.2735595703125,26.8757473851998
2.26593017578125,26.4583477211272
2.197265625,25.9628440022182
2.10952758789062,25.1816248757078
2.227783203125,26.4736224269417
2.1514892578125,25.0265261415342
2.2125244140625,26.1701217280599
2.14767456054688,25.1136613271953
2.20489501953125,26.0077022196151
2.20489501953125,26.7132198139274
2.1820068359375,25.795021079928
2.18582153320312,26.0382937502652
2.14767456054688,25.5480399836579
2.19345092773438,25.6158574094788
2.16293334960938,25.834016224636
2.166748046875,25.5899188319763
2.13241577148438,25.5638263927683
2.21633911132812,26.2698735572728
2.22015380859375,26.0091708357279
2.18963623046875,26.0479571293018
2.23159790039062,26.0858567915016
2.15911865234375,25.7175695016255
2.17437744140625,25.5098439937664
2.21633911132812,25.7718742723232
2.26593017578125,26.6658341573965
2.1820068359375,26.1799556223993
2.3345947265625,27.1510368226508
2.15530395507812,25.252847866019
2.15530395507812,25.6636907098769
2.17056274414062,25.9461405020671
2.23922729492188,26.0688128943104
2.1820068359375,25.7997358289064
2.18963623046875,25.6890794853017
2.13241577148438,24.9936859979096
2.20489501953125,25.9369203168079
2.2430419921875,26.381049980937
2.28118896484375,26.6701138192282
2.1514892578125,25.7402464052694
2.166748046875,25.8738214670882
2.23541259765625,26.2597500903791
2.20489501953125,26.1928683205214
2.15911865234375,25.653119825438
2.20108032226562,25.9790119315243
2.288818359375,27.0766948801126
2.28118896484375,26.9991034969166
2.1820068359375,25.6501510845221
2.15911865234375,25.273552516888
2.17056274414062,25.8594589855831
2.2430419921875,26.5168195508277
2.23541259765625,26.4443704789229
2.227783203125,26.4880127792844
2.2125244140625,26.0958819974355
2.28118896484375,26.478465549565
2.0904541015625,24.9515124536652
2.12860107421875,25.2546202773911
2.23159790039062,26.6369337166514
2.20108032226562,25.9452935238718
2.197265625,25.9702519844134
2.22015380859375,26.0319067139875
2.12860107421875,25.0564726509345
2.20489501953125,25.9787412831932
2.21633911132812,26.6268365218431
2.25067138671875,26.5879673684342
2.166748046875,25.4176278867978
2.227783203125,26.557098255438
2.17437744140625,25.6466020359368
2.166748046875,25.1555276536308
2.227783203125,26.4458617452853
2.18582153320312,25.967497771043
2.28118896484375,26.5647991461436
2.18963623046875,25.6280764855378
2.08282470703125,24.5921985225533
2.21633911132812,26.0948130761515
2.25830078125,26.4875198933474
2.23159790039062,26.6449099499037
2.18582153320312,26.2097988522435
2.25067138671875,26.6087257483037
2.29644775390625,26.8808540723912
2.20489501953125,26.1033705066604
2.18963623046875,25.929891188332
2.17437744140625,25.6373052855415
2.1820068359375,25.760647492397
2.21633911132812,25.9098882648344
2.20489501953125,26.4256620527006
2.24685668945312,26.4687180352397
2.23541259765625,26.5266329913287
2.227783203125,26.1538209835888
2.197265625,26.051603143763
2.16293334960938,25.6494554543131
2.24685668945312,26.2084674773021
2.35748291015625,27.501146041129
2.166748046875,25.4478584159904
2.0904541015625,25.0437335314777
2.28500366210938,26.6218841417921
2.227783203125,26.4832550881902
2.24685668945312,25.9572169873506
2.18963623046875,26.0207708519115
2.2125244140625,26.0218334176168
2.18963623046875,25.8841393939409
2.197265625,26.0089778036102
2.23159790039062,26.0235738751019
2.12478637695312,24.8939877149966
2.20489501953125,25.9539905111705
2.20870971679688,26.0239665832563
2.25448608398438,26.318618616214
2.13241577148438,25.2156152703808
2.1514892578125,25.367311183153
2.17437744140625,25.6453665027402
2.17056274414062,25.8866000925036
2.15911865234375,25.2261693272965
2.166748046875,25.8285870163787
2.23159790039062,26.4131999191473
2.1209716796875,25.57922745627
2.15911865234375,25.6033099134498
2.227783203125,26.2936188251322
2.23922729492188,25.7693124982039
2.23922729492188,26.2079190364265
2.1514892578125,25.3441581169722
2.15911865234375,25.7669159982863
2.20870971679688,26.2024816083015
2.23159790039062,25.8277749342461
2.25067138671875,26.5838248800572
2.26974487304688,26.2445932224867
2.20489501953125,25.5857458460332
2.20870971679688,25.9344524312477
2.14004516601562,25.7705372224181
2.10952758789062,24.8901030245767
2.288818359375,26.7744294940596
2.2430419921875,26.3684969354096
2.15911865234375,25.4261437046467
2.2430419921875,26.0526058239812
2.18963623046875,25.5553220143308
2.23541259765625,26.2840779648892
2.23922729492188,26.5070650816113
2.28500366210938,27.2675764676246
2.12860107421875,25.3854530414695
2.22015380859375,25.924525633308
2.20870971679688,25.9992737711656
2.13241577148438,24.7325731545226
2.2735595703125,26.7664329761996
2.20489501953125,26.3381426593401
2.18582153320312,25.6021982330364
2.17437744140625,25.7226660706338
2.21633911132812,25.9643019544117
2.197265625,25.7433258851438
2.18582153320312,26.1795890410439
2.197265625,26.0001090867564
2.1820068359375,25.7469650715895
2.2125244140625,25.9569105610348
2.21633911132812,25.7155135867659
2.20489501953125,25.8838217978441
2.25067138671875,26.7449569759771
2.1209716796875,24.8475988371077
2.17056274414062,25.5621786043334
2.1820068359375,25.3179789910821
2.2430419921875,26.5160272522695
2.22396850585938,25.9340080452015
2.197265625,26.0388456616965
2.166748046875,26.0955323301046
2.166748046875,25.6795510725163
2.2430419921875,26.1049332251182
2.1820068359375,25.5963762281102
2.18582153320312,26.0184725840563
2.1514892578125,25.4815512635183
2.227783203125,26.0390362017226
2.14004516601562,25.717996766214
2.22396850585938,26.3439235081788
2.20489501953125,26.4394893980211
2.18963623046875,25.4057111758304
2.14385986328125,25.1933598683494
2.17819213867188,25.6001039388711
2.197265625,25.6885593729056
2.31170654296875,27.4936636528636
2.19345092773438,26.5285322637165
2.20108032226562,25.7749923572458
2.17056274414062,25.6465262698075
2.2430419921875,26.1541033729774
2.29263305664062,27.3625185352167
2.2125244140625,26.4476893739037
2.23541259765625,26.4527444566698
2.20108032226562,25.9716410500828
2.17056274414062,25.7991687740458
2.17437744140625,25.6991336618745
2.20489501953125,26.004766568551
2.25830078125,26.6338494302414
2.1820068359375,25.9817750331913
2.20489501953125,26.1832687941828
2.14385986328125,25.5668568235257
2.1514892578125,25.7190842926881
2.17819213867188,25.982798272082
2.227783203125,25.9039186329032
2.166748046875,25.6468698253672
2.23541259765625,26.1177447318288
2.23541259765625,26.3989284831666
2.17056274414062,26.0431176915587
2.13623046875,25.2761385871218
2.227783203125,26.3988827578326
2.2125244140625,25.8656085444158
2.17056274414062,25.5601612545116
2.17819213867188,25.8304786476209
2.16293334960938,25.5519256141521
2.18963623046875,25.7604394460398
2.14004516601562,25.6163591704985
2.166748046875,25.8368199282138
2.23159790039062,26.0240937614932
2.25067138671875,26.2976198994343
2.20870971679688,26.1858679504954
2.18963623046875,25.5873552193783
2.2125244140625,25.7937518088407
2.2125244140625,26.0220415485637
2.22015380859375,25.9483177076713
2.18582153320312,25.8399674677477
2.23541259765625,25.7687328252383
2.17819213867188,25.4533485450743
2.22015380859375,26.1509032283804
2.25067138671875,26.4602441755177
2.15911865234375,25.6780638163559
2.25830078125,26.135286614411
2.1820068359375,25.510697920039
2.15911865234375,25.6049118487477
2.25830078125,26.9365493281612
2.20108032226562,26.4964193684706
2.17437744140625,25.8892259830851
2.18582153320312,26.2540439579337
2.2430419921875,26.4505567120605
2.29263305664062,27.3375738103868
2.17437744140625,25.6149602054407
2.23922729492188,26.1495497271905
2.25067138671875,26.403115474804
2.10952758789062,24.7952802041503
2.197265625,25.5144133068261
2.13241577148438,25.4105881936167
2.14767456054688,25.5322884294514
2.15911865234375,25.2909746609572
2.20870971679688,26.609380860093
2.0904541015625,24.8480613236517
2.1209716796875,24.8498355906095
2.2125244140625,26.4544336540796
2.13623046875,25.1921372059647
2.17437744140625,25.477771642469
2.18963623046875,25.3773866345325
2.25830078125,26.6081375606698
2.20108032226562,26.4979370709552
2.2125244140625,26.1148543264083
2.18963623046875,25.8509159865071
2.14004516601562,25.4732891779976
2.14767456054688,25.2520225949168
2.19345092773438,25.4836150624443
2.227783203125,26.1654914857007
2.17437744140625,25.8185207720887
2.28118896484375,27.092887260129
2.16293334960938,25.516950523504
2.13623046875,25.1393474042585
2.227783203125,25.7179851614929
2.11334228515625,25.3587557820018
2.2735595703125,26.9315090111536
2.26593017578125,26.3709855666379
2.2430419921875,26.2618108732849
2.17819213867188,25.6714845381313
2.11715698242188,25.1802618572085
2.09808349609375,24.9316720256237
2.20870971679688,25.6265554864032
2.23159790039062,26.5520558760281
2.197265625,26.169287196828
2.18963623046875,26.0837072379918
2.23922729492188,26.1946048137045
2.12860107421875,24.9818964371875
2.12860107421875,25.1162856897429
2.2125244140625,25.9722363878566
2.28500366210938,26.9078866412641
2.26593017578125,27.0718922869217
2.23541259765625,26.3766016362446
2.14385986328125,25.4583942795667
2.23541259765625,26.3468172416877
2.1209716796875,25.1953994145689
2.06756591796875,24.5219732791831
2.2125244140625,25.328009567651
2.14004516601562,25.7266770043851
2.17056274414062,25.2262828037539
2.1514892578125,25.5206512496163
2.09808349609375,25.018705044109
2.1820068359375,25.8228262406315
2.23541259765625,26.3737891768229
2.18582153320312,25.8717951677288
2.227783203125,26.3061293188999
2.20489501953125,26.1742104000974
2.19345092773438,25.9946082968489
2.25830078125,26.9206439227096
2.16293334960938,25.5073604037428
2.17056274414062,25.8843207754409
2.18963623046875,25.8408630316947
2.09808349609375,25.299338235438
2.12478637695312,25.0815321467004
2.24685668945312,26.8147607907165
2.197265625,26.3641516624007
2.20870971679688,26.2482038221087
2.20870971679688,26.1155313511703
2.18582153320312,25.9096255284276
2.19345092773438,25.6611135096561
2.2735595703125,26.7280282384636
2.1820068359375,25.7236079372554
2.20489501953125,25.8510106220131
2.227783203125,26.1095292719205
2.14385986328125,25.338253177029
2.20489501953125,26.4366679052148
2.14767456054688,25.3827500688406
2.2125244140625,26.1688041647673
2.24685668945312,26.6442069553411
2.25830078125,26.5127987584174
2.13241577148438,25.2397801035257
2.23541259765625,26.2576616300038
2.16293334960938,25.633028302013
2.2430419921875,26.4143050543231
2.22015380859375,25.9099323865116
2.2125244140625,26.3353621490844
2.2125244140625,26.1693329840515
2.11334228515625,25.2476526735681
2.12860107421875,25.5064404590967
2.197265625,26.0403977904298
2.25067138671875,26.2659060189458
2.20489501953125,26.1030710143055
2.2125244140625,25.8618978037897
2.197265625,25.6011394440724
2.17437744140625,25.5743879615791
2.25067138671875,26.9202390518816
2.227783203125,26.3038681347317
2.18582153320312,26.0858711517116
2.2125244140625,26.3731983654847
2.20108032226562,26.3962672887418
2.17437744140625,25.6277359108843
2.26593017578125,26.6523021998248
2.20489501953125,26.3969023884052
2.25830078125,26.7365156688664
2.15530395507812,25.7501496320818
2.25067138671875,26.8704143735441
2.09426879882812,25.0358230214532
2.16293334960938,25.6825667989738
2.25830078125,26.6566293125376
2.26593017578125,26.7808691914303
2.105712890625,24.8333731189409
2.17437744140625,25.6970362957965
2.17437744140625,25.5114862667972
2.17437744140625,25.3707168754715
2.227783203125,26.4002182918678
2.13623046875,25.3529174496096
2.25067138671875,26.9505640469485
2.12478637695312,25.3019403359795
2.15911865234375,25.8264137331921
2.288818359375,26.7725633674854
2.20108032226562,26.2746156394561
2.18963623046875,25.9637437918274
2.23922729492188,26.0556780518135
2.11715698242188,24.9735813921258
2.197265625,26.1490215931849
2.2125244140625,26.3486325708482
2.2125244140625,26.0580704588883
2.1820068359375,26.0627366172799
2.14004516601562,25.2977045826269
2.2125244140625,26.4512556506764
2.20108032226562,25.866689109168
2.25448608398438,26.3080913961875
2.21633911132812,25.9117117791803
2.14767456054688,25.4834329649869
2.17819213867188,25.687565554227
2.0904541015625,24.7379933992013
2.11334228515625,25.0514402927528
2.1820068359375,26.0541465721398
2.166748046875,25.0299404194413
2.2430419921875,26.3815004246278
2.19345092773438,25.740447944267
2.18582153320312,25.9707794945481
2.1209716796875,25.2866462910652
2.22015380859375,26.5292291797062
2.28118896484375,27.0214674157849
2.22015380859375,25.5982190198191
2.14385986328125,25.6106996980396
2.23541259765625,26.1626272818274
2.1820068359375,25.8365108113778
2.227783203125,25.881631908926
2.17437744140625,25.7312312288096
2.2430419921875,26.7188857334349
2.17437744140625,25.9271339702717
2.197265625,26.0081044665316
2.18963623046875,25.8608157252563
2.25830078125,26.5828057279472
2.2125244140625,26.1259697344776
2.15530395507812,25.1004796660127
2.105712890625,25.2468813161824
2.18963623046875,25.8443294818047
2.23541259765625,26.101434239182
2.17437744140625,25.5664014560236
2.2125244140625,25.8507317469469
2.20489501953125,25.9858110424955
2.26211547851562,26.1647978468565
2.105712890625,25.4654864923951
2.2125244140625,26.4098506527414
2.18582153320312,25.702736787812
2.16293334960938,25.8820187990114
2.26593017578125,26.7533250837214
2.1514892578125,25.7724092444519
2.18582153320312,25.9268409790968
2.13623046875,24.9078095039117
2.25067138671875,26.9080735201491
2.2125244140625,26.0540414229543
2.23541259765625,26.4492309213918
2.3040771484375,26.8983207072117
2.14385986328125,25.4801371382053
2.2430419921875,26.2939944556042
2.166748046875,25.6802851229873
2.20489501953125,26.0449836141741
2.15911865234375,25.8262094504999
2.227783203125,26.5237531745825
2.16293334960938,25.6363867597496
2.22015380859375,26.3932547672701
2.14004516601562,25.4364802856226
2.27737426757812,26.7384743009714
2.2430419921875,26.0280290472193
2.20489501953125,26.1352678402738
2.2125244140625,25.7620556540378
2.288818359375,26.6565658202012
2.22396850585938,25.8635734842064
2.20108032226562,25.7430610470644
2.1209716796875,25.3172139257313
2.18963623046875,26.1421321042789
2.28118896484375,26.9811218901549
2.18582153320312,26.0080123900535
2.13623046875,25.2778529839454
2.13623046875,25.5371404285459
2.20108032226562,26.5287082292102
2.20870971679688,26.0812231234803
2.17437744140625,26.0186215360933
2.13241577148438,25.2924038879611
2.18963623046875,25.5686093325584
2.105712890625,24.8905295685838
2.20489501953125,26.2568688806431
2.166748046875,25.4719960528415
2.18963623046875,25.6162333973129
2.166748046875,25.1888328073125
2.12478637695312,25.1519190340478
2.2430419921875,26.5128125412887
2.12860107421875,25.5545198711806
2.18582153320312,26.1717908577196
2.12860107421875,25.0275201560652
2.17437744140625,25.7926890067549
2.2125244140625,26.4705593535703
2.18963623046875,26.2756011020526
2.18963623046875,25.841378117839
2.2735595703125,27.0922426429138
2.25448608398438,26.5106697254731
2.20870971679688,26.0108706688167
2.19345092773438,25.7296112163626
2.1209716796875,25.091415406737
2.20870971679688,25.995364559523
2.166748046875,25.8153181819674
2.12860107421875,25.4388491004042
2.2125244140625,26.0436091128702
2.14767456054688,25.5066419086082
2.11334228515625,25.0426528225672
2.22396850585938,26.1764478436215
2.22015380859375,25.753382569385
2.13623046875,25.1772618458119
2.13623046875,25.0689483189959
2.1820068359375,26.0350053190578
2.20489501953125,25.6702769740849
2.12860107421875,25.2983905413632
2.2430419921875,26.4378129315945
2.15911865234375,25.5448350599261
2.27737426757812,27.0428635828419
2.197265625,26.1403176218019
2.18582153320312,25.6192410109244
2.0599365234375,24.7672086451395
2.11715698242188,24.6356115045674
2.22396850585938,25.7822988006999
2.166748046875,25.6730835279012
2.197265625,26.3223399005839
2.1514892578125,25.4591408339926
2.19345092773438,26.0227120679934
2.20870971679688,26.3281142644473
2.25448608398438,26.6521817297376
2.19345092773438,25.7260616036704
2.11334228515625,24.730166452917
2.166748046875,25.8410581737892
2.18963623046875,25.8675933206778
2.2430419921875,26.081966887483
2.15911865234375,25.1193066706525
2.15530395507812,25.6627087581398
2.17056274414062,25.4628275861131
2.12860107421875,25.1822051050535
2.2430419921875,26.0850864813778
2.21633911132812,25.930465237106
2.20870971679688,26.1879181715072
2.18582153320312,25.9166531198987
2.1514892578125,25.5485480548578
2.1820068359375,25.531703341227
2.30789184570312,26.8306737241045
2.227783203125,26.152080903506
2.1209716796875,24.8613533797643
2.12478637695312,25.3378235891879
2.25067138671875,25.8129696779835
2.23541259765625,26.0554612207901
2.2430419921875,26.4113918562648
2.15911865234375,25.4709170067421
2.22015380859375,25.7925562795651
2.23922729492188,26.0719757922919
2.1820068359375,25.7993875488647
2.25067138671875,26.2546605633227
2.25830078125,26.6658887818129
2.06756591796875,24.4939047526131
2.20489501953125,26.1295918283959
2.1514892578125,25.0730671442397
2.15911865234375,25.6300214484942
2.2125244140625,25.7774047966033
2.18963623046875,25.734628413563
2.17819213867188,25.4691158056197
2.17437744140625,25.3283184795977
2.22015380859375,25.9005076747889
2.23922729492188,26.0745837116924
2.227783203125,26.2264591889812
2.2430419921875,26.5617397367968
2.25830078125,26.1764623412143
2.166748046875,25.4881607866371
2.197265625,26.1631631329102
2.166748046875,25.5044746978308
2.166748046875,25.7086906392997
2.21633911132812,26.0779891318078
2.21633911132812,26.2377294358988
2.166748046875,25.6417655199166
2.32696533203125,27.02703970086
2.197265625,25.50364003165
2.18963623046875,26.1072028028011
2.20489501953125,26.0932817428634
2.14767456054688,25.2771948281681
2.27737426757812,26.7171942372622
2.22015380859375,26.4036838622666
2.197265625,25.8211388152101
2.17437744140625,25.7289440245551
2.18963623046875,25.5851583611372
2.1820068359375,25.7320378481465
2.13623046875,25.1937248990979
2.26974487304688,26.8890357205056
2.1514892578125,24.6988901914486
2.16293334960938,25.7943993479828
2.17056274414062,25.9552155735658
2.166748046875,25.7077805599489
2.28118896484375,26.8983161372601
2.22015380859375,26.0347617729057
2.197265625,26.2839192739965
2.18963623046875,25.8007513504172
2.15530395507812,25.5651427197366
2.14004516601562,25.3796022198906
2.20108032226562,25.889134128432
2.22396850585938,26.1531539250794
2.23541259765625,26.2033011976075
2.166748046875,25.3954536143686
2.20870971679688,26.0420155276408
2.22396850585938,26.3046722820143
2.12860107421875,25.3580899209119
2.1514892578125,25.2824150160776
2.20108032226562,26.050562443962
2.2125244140625,26.1210865590145
2.166748046875,25.8799670549466
2.2125244140625,25.9528602988609
2.1820068359375,25.6731197154267
2.1820068359375,25.6790952017554
2.25830078125,26.7127117738237
2.2125244140625,26.0054468039154
2.21633911132812,25.8456871919893
2.227783203125,26.1204188851115
2.25830078125,26.393771744694
2.25067138671875,26.9904466089959
2.23159790039062,26.3942286744106
2.2735595703125,26.6694689326843
2.20870971679688,26.4828594754361
2.23541259765625,25.9774644677141
2.14385986328125,24.8462502845405
2.26974487304688,27.0409854147436
2.20108032226562,26.4152834347789
2.197265625,25.9165213340138
2.166748046875,25.6534424566992
2.11334228515625,25.1248953126703
2.18963623046875,25.9944663194925
2.29644775390625,27.1113720681232
2.2125244140625,25.7644532007428
2.19345092773438,25.8592945268388
2.227783203125,26.5260275548337
2.18963623046875,26.1315525064103
2.197265625,26.1399546125078
2.18582153320312,26.0942158151684
2.1514892578125,25.4156883326618
2.18963623046875,26.4750040603871
2.2430419921875,26.3158836466712
2.26211547851562,26.4747228221424
2.22396850585938,25.9597295175036
2.20870971679688,25.5614573102795
2.18963623046875,25.7954379632193
2.15911865234375,25.6689190917236
2.22015380859375,25.7698403657494
2.30789184570312,27.1700766411137
2.15530395507812,25.6715471912694
2.1514892578125,25.3077411684357
2.25448608398438,26.6497976469144
2.17437744140625,25.2657508530219
2.09426879882812,24.9920333281967
2.1514892578125,25.3135315335631
2.21633911132812,25.9860476771537
2.166748046875,25.9215915483741
2.2430419921875,26.3213553572702
2.25067138671875,26.1617372110534
2.2125244140625,26.0393906324685
2.23922729492188,26.6364947120671
2.13623046875,25.2023599269999
2.19345092773438,25.9216904225492
2.23159790039062,26.2263065535292
2.166748046875,25.6129892946934
2.23541259765625,26.0441475073619
2.2125244140625,25.8436855529889
2.15530395507812,25.6898209108771
2.19345092773438,25.3225784541322
2.23541259765625,26.3087368103894
2.20108032226562,25.7829509625276
2.25067138671875,26.6830392499304
2.12478637695312,25.4370309440018
2.10952758789062,25.4948126379473
2.20108032226562,25.8892963927904
2.26593017578125,26.7011977005467
2.166748046875,25.749309346252
2.25448608398438,26.6027187175006
2.2430419921875,26.8047173254481
2.26593017578125,26.8293884848747
2.18963623046875,25.9047413588006
2.17437744140625,26.0882754194774
2.1514892578125,25.1914392728711
2.12860107421875,25.1560898566586
2.22015380859375,26.4990664292766
2.26211547851562,26.4520059530516
2.17437744140625,25.5067211456651
2.20489501953125,25.8796367097535
2.21633911132812,26.5205539783043
2.166748046875,25.9437683237797
2.14004516601562,25.2179767037152
2.25067138671875,26.269045440715
2.349853515625,27.519689952759
2.25067138671875,26.5455883588433
2.13623046875,25.2620926186427
2.12478637695312,25.5163284854002
2.17819213867188,25.610947841499
2.197265625,26.03802702245
2.17437744140625,25.8752453864206
2.14385986328125,25.2949678457075
2.105712890625,25.2715179644359
2.1209716796875,25.1875169930258
2.12860107421875,24.9360393467776
2.14385986328125,25.6905664358569
2.14385986328125,25.269167018058
2.20489501953125,26.3954702112735
2.19345092773438,26.3645970070154
2.1514892578125,25.8008608487977
2.25830078125,26.0753304128522
2.1514892578125,25.332792593111
2.16293334960938,25.858412323799
2.197265625,26.116583357138
2.11334228515625,25.125439925502
2.25830078125,26.5299736504431
2.2430419921875,26.4991517478262
2.18582153320312,25.6891611826135
2.1820068359375,25.5636041209461
2.23541259765625,26.5773079210944
2.227783203125,26.4022166427042
2.15911865234375,25.5368616288586
2.20489501953125,26.1521140700844
2.15530395507812,25.0712891802571
2.12860107421875,24.7950163008458
2.14004516601562,25.4865560362582
2.26593017578125,26.5507978770996
2.2125244140625,26.0561667750758
2.14385986328125,25.2607316841972
2.22015380859375,26.7308892287388
2.26211547851562,26.7838637094894
2.31170654296875,27.1806158617008
2.22015380859375,26.4747394176082
2.12860107421875,25.254725233376
2.23541259765625,26.264684963285
2.288818359375,27.1029045152247
2.23541259765625,26.4747976725117
2.20489501953125,26.0421005838359
2.20489501953125,25.7273165793768
2.19345092773438,26.3343900549238
2.18582153320312,25.6260157948733
2.09808349609375,24.6199238116487
2.20489501953125,25.7211345350011
2.18963623046875,25.4631163781319
2.14385986328125,26.0372149013822
2.15911865234375,25.4288060262121
2.13241577148438,25.0637049317856
2.2430419921875,26.3529084521777
2.13241577148438,25.2864136758186
2.11334228515625,25.1402856965967
2.19345092773438,26.2180409759309
2.2125244140625,26.2340849194785
2.20108032226562,26.221660930983
2.17437744140625,25.4066393290533
2.25067138671875,26.4320369543348
2.25067138671875,26.3140978135058
2.1820068359375,25.4769602489992
2.18582153320312,26.0105934542977
2.166748046875,25.95558826962
2.17437744140625,25.8479403652885
2.17437744140625,25.7901962628474
2.20870971679688,26.0040714096819
2.25448608398438,26.459213338254
2.1820068359375,25.8603946837067
2.15911865234375,25.8292626516147
2.23159790039062,26.4469543173644
2.17437744140625,25.9547135799148
2.1209716796875,25.1124661607159
2.14767456054688,25.6951198777145
2.2430419921875,26.4483275482763
2.20108032226562,26.1606139044612
2.26211547851562,26.6914047701071
2.24685668945312,26.5034524213937
2.10189819335938,25.2852657276719
2.2430419921875,26.0655964205084
2.197265625,25.8130780793816
2.31170654296875,27.3754207993735
2.22015380859375,26.0005509936183
2.24685668945312,26.6509430299538
2.15911865234375,25.7071353039687
2.19345092773438,26.2324617965927
2.24685668945312,26.2968861627267
2.227783203125,26.0510809869629
2.23541259765625,25.9275530189149
2.16293334960938,25.4054129272753
2.197265625,25.7967545503646
2.18582153320312,25.8830840242009
2.17437744140625,26.1849820923566
2.105712890625,25.0601083931454
2.2125244140625,25.9717868713649
2.1820068359375,25.6374866169189
2.2430419921875,26.5305008241773
2.1820068359375,25.6007138829643
2.21633911132812,26.3924777834042
2.1209716796875,25.4569190424117
2.21633911132812,26.4609918284933
2.14004516601562,25.4054107206519
2.18582153320312,25.722032478105
2.1209716796875,25.5997374978147
2.13623046875,25.5207441895869
2.2125244140625,26.8261729179679
2.1514892578125,25.5920758912127
2.20108032226562,26.0383188072806
2.13241577148438,25.3258153683004
2.17056274414062,25.5882120284584
2.2430419921875,26.3506689731144
2.14767456054688,25.5595379976975
2.19345092773438,25.6749096418486
2.2735595703125,27.1887567923646
2.166748046875,25.705011139366
2.2125244140625,26.0875497173863
2.2430419921875,26.0482559155644
2.28118896484375,26.4220974538457
2.22396850585938,26.686264800034
2.17437744140625,25.6471263179172
2.1514892578125,24.8850053749586
2.1514892578125,25.4216028371492
2.15911865234375,25.6607242935502
2.25830078125,26.3414687766338
2.26974487304688,26.5246611816312
2.197265625,26.3879033743509
2.166748046875,25.4853347304413
2.1514892578125,25.552356517325
2.227783203125,25.9874833851189
2.17056274414062,25.6072446827239
2.17437744140625,25.4399930134973
2.2125244140625,25.9117717926807
2.22015380859375,26.2212414022762
2.13241577148438,25.2274751089255
2.29263305664062,26.6619914766934
2.1514892578125,25.7004788299219
2.197265625,25.7974565634849
2.09808349609375,25.0553459961852
2.23541259765625,26.3916782694811
2.20489501953125,25.5686603186712
2.13623046875,25.4749832893983
2.17819213867188,26.0509219836271
2.2430419921875,26.2333748478986
2.17819213867188,25.8179910346618
2.2735595703125,26.8604843687994
2.26593017578125,27.154370381437
2.13623046875,25.07841358536
2.1820068359375,25.7139414580429
2.15530395507812,25.4815525165705
2.15530395507812,25.2534877016865
2.1209716796875,25.4685090762003
2.23159790039062,26.2816854114066
2.15911865234375,25.5686686719629
2.22015380859375,26.2062027016394
2.22015380859375,26.3468928208562
2.14385986328125,25.6626946979532
2.23541259765625,26.4001809826068
2.20870971679688,26.0719043166687
2.22015380859375,26.426242789549
2.17819213867188,25.7441427975036
2.22015380859375,26.0124045067068
2.14385986328125,25.131721335509
2.15911865234375,25.3308738523453
2.23541259765625,26.6031319284768
2.15911865234375,25.2910976253822
2.14385986328125,25.3419060374821
2.227783203125,26.0684325524778
2.227783203125,26.5993864953261
2.20870971679688,26.1354841607496
2.227783203125,26.1523399421923
2.22396850585938,26.5394171202331
2.2735595703125,26.6792811517969
2.26211547851562,26.4424147184206
2.15911865234375,25.7140923125912
2.22015380859375,25.9731805990548
2.15530395507812,25.4354782751866
2.2430419921875,26.293993284561
2.20489501953125,26.237288517274
2.25448608398438,26.5294027943886
2.10189819335938,24.982571861012
2.197265625,25.8438414265718
2.18963623046875,26.2369772129772
2.17437744140625,25.5055581981698
2.20870971679688,26.504794233986
2.19345092773438,25.4532239164502
2.17437744140625,25.7215700499876
2.20489501953125,26.2399478003979
2.20108032226562,26.2717961492251
2.197265625,25.9627050288642
2.16293334960938,25.5781583079606
2.2125244140625,26.6245379366017
2.166748046875,25.4926088739518
2.227783203125,26.758960992701
2.197265625,26.4333377688694
2.17819213867188,25.8148216973507
2.2125244140625,25.8844128445301
2.1514892578125,25.3479963715641
2.14385986328125,25.2741861257498
2.25448608398438,27.1477447844107
2.20489501953125,26.1894808420198
2.23541259765625,26.3598438453436
2.26593017578125,26.5850262239202
2.25830078125,26.5178815580851
2.20489501953125,26.3230734625157
2.12860107421875,25.0726185932232
2.18963623046875,25.4119327902332
2.23922729492188,26.533410455122
2.25067138671875,26.5475989394792
2.19345092773438,25.6648016845731
2.10189819335938,24.7222938899409
2.18963623046875,25.8007696494018
2.197265625,25.4828920742793
2.18963623046875,25.932528194269
2.166748046875,25.7982223288339
2.20108032226562,26.051257207309
2.288818359375,26.7629269982479
2.20870971679688,26.0523924882002
2.17819213867188,25.8752528562998
2.18963623046875,25.9047144669908
2.14004516601562,25.2734004938295
2.18963623046875,25.3761832079652
2.21633911132812,26.3267026936202
2.17819213867188,25.5428963449239
2.04086303710938,24.1111819294548
2.10189819335938,24.3925121726364
2.25830078125,26.4297504643359
2.17437744140625,25.6215727152071
2.21633911132812,26.1955928398384
2.11334228515625,24.9867029291389
2.23541259765625,26.0811273580092
2.20870971679688,25.8521923972368
2.12478637695312,25.0765306281021
2.13241577148438,25.2744104531877
2.13241577148438,25.2977602101777
2.13241577148438,25.3765390637764
2.227783203125,26.5228010863671
2.17056274414062,25.6566372494033
2.17819213867188,25.5826621951574
2.1820068359375,25.4915793730742
2.20489501953125,25.6727695245002
2.1514892578125,25.4351504192125
2.25830078125,26.607765031975
2.2125244140625,25.9564208403819
2.14004516601562,25.5363031191272
2.15911865234375,25.8241002822184
2.18963623046875,25.8622684531803
2.197265625,25.8776062439249
2.12478637695312,25.136466462397
2.25448608398438,26.4296145608876
2.25067138671875,26.4968086661385
2.20108032226562,25.8482906390894
2.20489501953125,26.3896809544409
2.18582153320312,25.680023382451
2.17056274414062,25.6351890574059
2.166748046875,25.5661909404653
2.288818359375,27.054981220933
2.17056274414062,25.9070774829188
2.24685668945312,26.1636401385653
2.22396850585938,26.5639542473711
2.2430419921875,26.2646211838815
2.1820068359375,25.8431006599163
2.15911865234375,25.6353784964666
2.13623046875,25.4709065602497
2.24685668945312,26.2184721177777
2.25830078125,26.48261493181
2.197265625,25.8510425340725
2.2735595703125,26.4850893523918
2.1514892578125,25.2092827141038
2.2125244140625,26.2606326315622
2.30026245117188,27.0423483992037
2.18963623046875,25.259587297629
2.18963623046875,25.8492725545847
2.10952758789062,25.0286180008775
2.13623046875,25.279084117989
2.21633911132812,26.2365410559658
2.197265625,26.1353430725774
2.22396850585938,26.1239558544803
2.2125244140625,26.1109226295976
2.23541259765625,26.210420787978
2.20870971679688,25.7693882763011
2.2125244140625,26.2445387946696
2.1820068359375,25.6851992605071
2.21633911132812,26.440237339377
2.2125244140625,26.7195422240371
2.20870971679688,26.0219253564898
2.17437744140625,25.4536732686406
2.23541259765625,26.4679318298267
2.24685668945312,26.5699754011201
2.16293334960938,25.8355260737161
2.07138061523438,24.5659111613718
2.23922729492188,26.5861911874621
2.28500366210938,26.9980546726867
2.12860107421875,25.021147255448
2.20489501953125,25.943610187808
2.2430419921875,26.0285258384471
2.166748046875,25.7012557424942
2.14004516601562,24.9713293771611
2.227783203125,25.7395798283664
2.14767456054688,25.7052807491078
2.25830078125,26.7291454595794
2.12478637695312,24.9471981584932
2.22015380859375,26.376573956668
2.24685668945312,25.9694325933839
2.20489501953125,25.7349141111621
2.20108032226562,25.8270733465833
2.20489501953125,26.095169297453
2.227783203125,25.9192802162683
2.21633911132812,26.0047570192313
2.20870971679688,25.6392066832313
2.17819213867188,26.4026784203638
2.19345092773438,25.7566289755111
2.18582153320312,25.4353412532799
2.227783203125,26.530605235875
2.26974487304688,26.6682294397893
2.14385986328125,25.5458872369878
2.29644775390625,26.9797964881375
2.18963623046875,25.6205934321946
2.24685668945312,26.5446604576634
2.23541259765625,26.2216106080096
2.03704833984375,24.393517364907
2.26593017578125,26.6102592894578
2.24685668945312,26.0947800821221
2.31170654296875,27.1273254179645
2.1820068359375,25.0127067707678
2.20489501953125,25.7642792178264
2.1209716796875,25.0419984509819
2.13241577148438,24.7322718230187
2.20870971679688,26.1390603557406
2.2125244140625,25.9569954334405
2.31170654296875,27.32680530298
2.15911865234375,25.5974750667942
2.21633911132812,25.8713078652905
2.227783203125,26.4141331105438
2.166748046875,25.5541363605609
2.18963623046875,25.8717044771364
2.23541259765625,26.4934008074094
2.2125244140625,26.4968790750204
2.22015380859375,26.1232125618606
2.25830078125,26.3599646831957
2.23159790039062,26.7096540075608
2.23159790039062,26.7844476282414
2.166748046875,25.5421439956738
2.1514892578125,25.6093832837693
2.17819213867188,25.5477861425402
2.1820068359375,25.8281762647662
2.16293334960938,26.0574305131642
2.18963623046875,25.6208048108599
2.1820068359375,25.4743592517131
2.21633911132812,26.3975632277754
2.1209716796875,25.047918952628
2.20870971679688,26.0915957931627
2.21633911132812,25.8204740178496
2.20108032226562,25.9741904549842
2.1820068359375,25.8817925593905
2.14385986328125,25.343566837716
2.18582153320312,26.0628212924477
2.17819213867188,25.6718169523687
2.25067138671875,26.4206557930334
2.12860107421875,25.1767192102404
2.14767456054688,25.6868886140582
2.10189819335938,24.8409406390552
2.22015380859375,25.9123544755786
