"gamma","lambda_0","theta"
9.36361584288232,20.775171960126,2.33561339524444
10.4415719964515,19.219084424129,2.2863872777304
10.1957435078843,19.8938573953644,2.33840467426563
4,25.2184437825988,2.41196460548613
8.02918900474354,19.5293440249159,2.21646811369805
9.8763598428909,19.9180420018632,2.2848000655761
8.3805504532359,20.5017063832096,2.30943668500541
9.16968449301609,19.0223006403711,2.21986380609593
8.91422433407545,21.3435384268642,2.34105044543371
4,22.8008381605188,2.28593785266247
7.84285323926762,19.1568166658533,2.19187650581238
5.24732428242475,22.8081899428803,2.30311976741863
10.1852635908587,19.0409123913568,2.2612333286548
10.4211996297381,19.1641841553016,2.30738544346925
9.26960872845082,19.6913313401509,2.26386168324128
6.57387872357528,21.6415543435508,2.31551563637043
9.70231983350383,18.7839701996626,2.22337123984991
9.16751310892336,20.2697597496582,2.322859483343
9.27138204086604,20.0726771780602,2.29793344850134
7.11683606371848,21.0223289646781,2.26936678134924
9.32994664701866,19.6714033059994,2.26819948129727
7.28886849406137,20.873884760987,2.28750783291113
6.857660453633,20.5522648710854,2.24888964135787
10.3163174542861,19.478485900165,2.30853059762354
8.88870688051992,20.0791130732968,2.32784233958247
8.86440871627333,19.8510255063648,2.25249320724309
9.5988186105716,20.0758327904161,2.32172977141211
8.82575259486117,19.2946405837614,2.24579161930606
7.84980394108746,21.5467397672968,2.3179979748051
9.86079872858646,19.4668579051049,2.27634471915731
9.68698640649765,19.4180149824471,2.28356277282938
8.34578742246348,20.3026753518806,2.27946183147506
9.57085966549628,18.0501802274684,2.2249770498713
9.66694871880693,19.0143916970721,2.25163536317355
9.28224507484632,20.460448788158,2.33970925251496
7.42382199812509,21.2965261923202,2.31388326631535
11.1418580184638,19.8950951576414,2.32319797604027
8.10490361879923,20.0957687832339,2.26487340105318
6.81478001402565,20.0435717991164,2.22692364353939
9.69491003876873,19.1300123207182,2.25430319032671
5.44554241501276,21.5907549053769,2.26838066988306
8.43204751259193,19.2901307687658,2.2319436211375
10.3772650724931,20.3503087288111,2.32984725395567
7.13946468488308,20.9210813161392,2.26264413504177
7.8369421001108,19.5658126267769,2.21533043151832
9.48069565807192,20.5406247010017,2.31993594024152
9.26892992991568,18.4297931248474,2.19513080525821
7.64174978226204,21.1399044353717,2.29156820200911
9.53356605951919,20.105468482555,2.31939539832265
10.0094367787232,19.344773796732,2.26205196879044
4,24.0687191474002,2.34054331477211
10.4258781455557,18.9760135891072,2.258441501824
11.193013910192,20.1986589703339,2.38014193835927
7.11360178515895,20.6207049168575,2.27155195560216
10.7934293284949,18.6244802227196,2.23054803328221
8.40073812514284,19.8662070568339,2.25463248869431
9.46198902209086,19.3851396990345,2.26279892979567
7.99843105901773,19.4681954245479,2.20891874091279
7.32804542959573,21.251001238323,2.29168054278079
8.61579951995618,20.6874627603234,2.30563234831533
9.35578641504088,21.0569940754606,2.36596281074864
7.67691510179072,21.1725449687367,2.29552596946825
10.12935322096,19.0479115155558,2.25581398703466
9.00546060378901,20.2472347241516,2.28168872587901
4,23.7470762698477,2.31293820651703
9.06358998259432,20.5558229928834,2.30765502524989
7.88844931812965,19.1393985974942,2.19322180651251
9.51204403805969,19.5766041147651,2.27051826672197
6.80471290322445,21.2929389817661,2.27695351261109
6.40588195879256,21.5283142254047,2.28269100553619
10.3584118563823,18.6663933689717,2.26471753823039
9.43254195193471,19.8783546936122,2.2889435759843
10.3399377419112,20.085400943318,2.33302010492953
9.35319282441587,19.8313634553956,2.30181667814433
5.91138797492137,22.2908539289412,2.30817670426614
8.91450818476957,19.1047807198112,2.21227846799392
8.31928692541388,19.8354003249802,2.25232192366602
4,25.0197417399746,2.38530406929626
9.71530233481418,19.4590413542202,2.28235603053972
8.59097835848121,20.6162906798574,2.29474477905673
10.0990002952218,19.3991063426593,2.26847690510986
4.57247995616271,23.9470332063228,2.32553276701833
8.79133770880015,19.641803519004,2.24267145762634
10.0539715267757,17.9695504229085,2.18764420001347
4.59245817423353,24.3404249120695,2.37229929799579
8.18014801411793,20.8471704916505,2.28757206032974
7.77140131391036,20.3163697281364,2.27276667313533
10.3184349473925,19.6301297444207,2.28119230809675
8.23836517818363,21.0809228819802,2.3262811800873
7.88037253274906,22.0787483590621,2.3704258994582
8.29665809231243,20.4478847448979,2.28335584834884
9.77590686993535,19.3162168379533,2.2791358723696
11.2353454391094,19.295058593178,2.30330349024638
9.33055388003376,19.6136403688314,2.27821589433705
9.17634229977786,19.2800521239024,2.26812788376434
8.393144220213,20.9381423569426,2.34710728043772
7.79250227832176,21.1912744343974,2.33337790602561
6.69821776464538,22.6938239960574,2.34039477966673
9.1654169474512,18.9981165310196,2.24380498412906
4,24.0917416277199,2.31941725334375
10.2655143032366,20.0357960816996,2.32773141288228
7.27236145773467,20.2952568556527,2.2467685338488
9.34637285606193,20.7327035639621,2.3188140764497
12.1964550026244,18.4809918999048,2.29999847189873
7.08245297406421,21.4548266147367,2.30295289871699
6.40853404805277,20.901084885719,2.24594988161418
8.46350876591932,19.2546276738699,2.22081442741596
6.45704784223267,22.8494720913859,2.35619608154409
10.1634236832482,19.2980149550917,2.28042772480372
10.1998992055373,20.0519736942557,2.32070497885569
8.50261383223641,19.9766312088447,2.28919329309092
8.30063449065515,20.9102159153378,2.32083280866909
9.70613310358234,17.8329904961548,2.16390964139028
12.046981062492,18.605356292988,2.28951123068434
10.0383706246585,19.0426931652811,2.26000265232139
10.6360334173543,19.1907325804857,2.27533179793096
5.05124098908472,22.6338914020717,2.28753458342021
7.22914515794943,20.9229314755943,2.24607837009592
7.6390935432412,21.6761788373636,2.32636005907773
5.83213284284494,21.5362409880906,2.26658424283446
9.63012417294845,20.2209220645829,2.34452249780744
8.79631324427496,19.8360881008719,2.26647713256949
8.5932098070164,20.2225078825416,2.29986936800455
7.63535656414533,20.1467976212175,2.24555006559534
4,22.7990472339342,2.26907572340572
8.80288072969924,18.9942998316504,2.23351079934375
11.0802906618568,18.2958189082907,2.24274753368547
9.4526170615376,19.2670497925083,2.25466540709381
9.87001086127342,20.585394323676,2.34150574270954
10.1226244740707,18.8149961335536,2.25625421471698
9.42685272116555,19.768682319106,2.29011410214606
8.15508546165568,20.687115226382,2.28439472491379
5.98959516213878,22.8723032083893,2.34416807665175
6.06779239984502,19.7605605801017,2.18568444399361
7.19359790759205,22.4258631173414,2.34486694666081
9.96816133172697,20.3846731549208,2.31758808161208
5.71291448651995,22.8274520659906,2.33685032123814
10.5422331181672,20.690189544542,2.37030020507598
10.8478435487532,19.1785788274361,2.28826731467196
10.905153615442,20.2692505169963,2.37417592947895
5.80744890821612,23.2384778306572,2.37874585252906
10.6425618361849,18.444758875362,2.25621919683558
4.47215479268826,24.120332426907,2.36683613757466
10.9764374501044,19.0358707639655,2.30561543354448
8.01357436072649,20.5267152006782,2.28784016875951
8.44478109561613,21.0002529750056,2.31955426167249
9.93717015208761,18.9323991026402,2.27474993027151
7.98852358901154,20.7499914690613,2.27700695804593
6.25826281192746,21.0044983487167,2.24450131178249
7.045873791183,22.9007927469792,2.34419507136442
9.29698434461826,18.7448215636353,2.22941934519301
6.23700419127524,21.7928681216648,2.32406517258286
8.97702959033028,19.8834392247592,2.27102722918937
9.34637626472155,20.1581632517449,2.27979856613429
9.25641806115846,20.063085716683,2.30537983241393
5.91209775906201,23.470404541844,2.40075915246059
9.91308886683773,19.4030263500529,2.28502005363896
10.0743100464002,20.2959128932248,2.32820159672606
7.87937443531883,21.3314524781727,2.32444156496462
9.81507397646412,19.6722020049721,2.30519760675243
9.4814991815279,19.9583391328527,2.30023647173135
6.32483108941299,21.0114072010572,2.23573746324211
10.1147757070462,19.5447978971187,2.289933647386
8.06997928914232,20.9023228256786,2.30207368837515
9.42135888824835,19.63797247548,2.26979499985537
5.57867162733464,21.0755097003017,2.22903044815109
7.00622543788959,21.8077038203651,2.32572519169612
9.60609654603681,19.1336894374956,2.23108299662532
10.4512191726717,19.5230124854133,2.29640099782927
5.07134866516287,22.9515150687688,2.32582637362731
4.64789970791949,22.1855738396876,2.26699786318004
7.89458374314014,21.082847510322,2.29595074872302
6.86314799583422,21.5030908154225,2.28246749794051
7.26084371156191,21.025896730278,2.29286764193792
9.53684139370774,19.5464283081386,2.26091572845725
8.80472708471539,19.9245423055652,2.26783437461882
8.88422057092524,20.2025972982251,2.26131047261539
8.25649885162506,20.5680388640117,2.30388405856332
7.6872197530436,20.6747562149712,2.2645397026816
10.8473050254716,18.592893081533,2.27131042005874
9.05064732008264,20.6750753143765,2.30945590428044
7.16764653714457,20.6798605200669,2.26361411589164
9.69513175709346,19.5367108176299,2.28727410892771
9.98054274719548,19.9397674015341,2.31196059343364
8.89777096078801,20.7536023583364,2.32355589490369
9.96842100173191,18.5207386748143,2.2374892534444
9.92632421534342,19.6981029604784,2.30751277338224
7.60799258575393,20.6505576970976,2.26627961405327
8.97739115917088,20.0055930198348,2.26670678264432
6.83162714890778,21.4193362807137,2.27216461249774
10.7046757560359,18.6845785466142,2.2556698931952
8.80915004971652,19.5502148469328,2.25325627624811
9.10159027968409,19.8697285833086,2.27877076457837
9.97038447802999,19.3538242618944,2.27470637088623
7.15223406827216,21.4899444010105,2.31561409516578
8.54198577308958,20.3321636597182,2.27488110680843
9.33313720034428,20.4227751136547,2.29549152336924
7.83725001346589,20.2268324730343,2.27083588819543
11.1271555775084,19.4259761934105,2.32867000857283
8.2394898909573,20.1919518165613,2.25430939401625
5.21893130608648,23.617051154178,2.34658540246974
4,22.9013186768145,2.26979188628295
9.78587403779841,19.6014718685336,2.27511619838281
4,23.6061678539998,2.31030857100473
4,23.8469413653389,2.33030394272895
7.62353154810753,21.1606446242571,2.31610677796955
7.51839431878714,19.9716012948361,2.22810664666104
10.6892478697413,18.7973775471069,2.24476526695814
10.8564871509447,19.1174077493219,2.28135383546411
9.11804749293658,20.6238234003879,2.32151360745755
11.460447177726,19.8798811159179,2.35203388912508
5.78052760512463,23.3670135021097,2.37121275776059
10.2529705582698,19.0036500722264,2.27357106142557
9.2536914507087,20.0315753222665,2.28870389006686
9.96409301793782,18.708802162339,2.24703586907221
9.96102221299151,20.1889135308285,2.32048431835369
8.73701054895674,19.9932687733117,2.27866905086692
9.92116314235558,18.4839273575811,2.22437498624882
8.56195109583143,20.0834060656619,2.28632407419508
6.2465579195932,21.7737033592152,2.29262559939649
9.97169098885182,20.2554965237647,2.32354334669293
10.3798847323032,18.7495753374906,2.25015337341797
5.37175091556423,22.6336037649437,2.28420446455331
11.4061676844452,18.9957936428248,2.29509560083763
9.27442788724882,19.2205844423777,2.25842380203388
7.40158570718389,21.5188179310575,2.33320766516746
10.8718467262929,18.7079068776437,2.27979940286834
4,23.249992603959,2.2866867318
8.62927640099218,19.433483971307,2.25908802098373
7.66903081358184,21.0753872830945,2.28702935510731
10.641918248515,19.4120283370073,2.31878139368059
9.78492054068256,19.3947703030989,2.28137470120486
9.54302287569485,21.3189028389782,2.3518646215771
9.48386872532647,20.6221541958458,2.34655990832557
8.88435744155283,19.4403963863352,2.25950371840904
7.80538072370835,20.5437307821146,2.27567660620378
8.31940706567992,19.7743696887827,2.25944374934868
10.72791911097,19.3058636717558,2.28673454378984
6.02152060528671,21.695187233041,2.28274032713159
8.79497723469692,20.0891088971192,2.2798395307273
9.83687521436059,19.2889454055984,2.28352831923913
4,24.2922318719792,2.32990257102488
6.12010436467738,21.448285412219,2.2546610713468
8.1997528339967,21.235861408395,2.29654643381785
10.3098212126141,19.1900972290796,2.25516710224841
4,24.9398475883304,2.35747566922775
9.05867814777289,19.3022951117613,2.27952361150079
8.24485519371359,20.2561491546365,2.27230182951496
11.4173544477123,19.0985217164637,2.30682761959799
8.71846486725432,20.3562922967662,2.30665018759488
8.35343779052488,19.7455958174773,2.26100636906689
8.02172133935771,20.6352063851736,2.29456125119082
11.3723758849277,18.4527789503694,2.28591969352839
10.0671405085756,19.1519278242119,2.25279595486835
4.34408760590613,23.7810146843071,2.36338886161374
11.2997527424678,18.5943995358503,2.29500324478234
10.3305117462574,19.5907174423765,2.29602954637235
9.37461182599837,20.1320071658615,2.30956115417938
8.47889894532459,19.4150826090918,2.24198810159343
10.1641287769085,18.0215989237649,2.18645370768483
8.19907525433957,20.4384899561942,2.28919290175611
7.60358891050673,20.9420082816649,2.30623080335933
8.07926500675018,20.9042182528027,2.29421878056424
6.74291029683639,22.5469023053876,2.34380904039636
8.6117483520151,19.1081721091719,2.22116668232528
6.98147915701133,21.5585840728938,2.30764421416182
9.27703408831931,19.6668358237005,2.25531903873863
6.95150864419101,22.3522727124072,2.33753087127943
9.34324128497086,20.3333808347452,2.33171593773923
9.16914858347297,20.292996782867,2.30830146748643
5.98814533406995,22.4416090595325,2.30183280982334
10.1190182422457,19.7466916883118,2.30053524602857
6.81841195178724,20.5045375807783,2.23472875318091
9.58398008795429,20.0404531792485,2.28619787886925
10.6601249405398,18.4189563180258,2.25244523668374
7.59087730089995,21.1191125045295,2.28595585751841
5.1178167563725,22.8499505973903,2.32348741934157
8.79611980586789,20.0363092785138,2.26537973050341
6.8701833888699,20.2985354782484,2.23374836768327
9.29139698682106,20.0286202246083,2.27327142853454
5.7691742418125,23.0075702604403,2.35736535931102
7.44953550379572,21.1156097940621,2.30012038282438
9.05728057727076,20.5201349684752,2.31023070936478
10.6105066105669,20.1831948595844,2.35944696094628
10.8158755244829,18.0778018523996,2.22031687552741
6.9965864701782,22.6053476949588,2.36356870723058
10.4642590504938,18.771998582668,2.26888323987638
10.7248920261669,20.0106436377108,2.33588359320961
10.306071208599,19.9578592955166,2.3326831666121
8.24654532163592,20.8324541696027,2.31071102276701
7.78498055853861,21.8804065179407,2.34205721878939
7.79391522298862,20.3627990634326,2.26950405160018
9.38116227649501,19.6494379327743,2.28005132664686
6.25460343796219,20.8392003985546,2.24700569015194
9.48831180345894,19.545891265037,2.27007018197385
10.3251272944017,18.6648424370601,2.25068009201042
5.02226152248255,21.5346118566845,2.23097160760997
6.74771047668092,21.0138451657443,2.26732927427628
9.5010288275675,19.2230543875539,2.26083160432736
5.89029116111739,21.152408379628,2.24201586872619
9.39197642526209,20.3498367057928,2.33914096944814
10.8227843101751,18.7396362532652,2.29126301795711
10.4389463556845,19.2238686035345,2.28350172688129
7.94557675952618,21.1045623059736,2.29231251051428
11.3846548233548,18.9352609389723,2.31923208889938
6.75928299831974,21.0357176880549,2.25252273002932
4,24.2239659299755,2.34164376802866
7.87794998853826,20.3914882145216,2.24098255365147
8.26913302113638,20.5073244417437,2.28709338838961
11.4245172530831,19.7315506247124,2.33235829643006
9.53266727439122,20.9340576635172,2.36720494495356
8.88487188286562,21.0613828108421,2.31724989658387
9.05185292283894,18.8278224693195,2.24087093597536
10.3625795104359,20.2211679496482,2.34248135098472
10.2891441312315,19.4957198873859,2.28524696961729
4.30622940096162,23.6324176089998,2.30422474592841
10.2929227396532,19.1836773944419,2.26593623428085
10.7810480643451,18.1258714810961,2.23522413638447
7.53063296973673,21.0557515328999,2.31044313695922
9.84484857735766,18.6214844101128,2.23545813051862
9.51543356292913,19.6062212555348,2.28184604207927
9.4404117440206,20.2708510095675,2.31164093880344
4,22.678297182115,2.27354083800834
6.56812300420872,22.4028436162582,2.32896324120737
9.2629915284971,19.5923310185923,2.26545282597417
9.27251692730646,20.4487555299956,2.31080924099902
11.3123400853138,18.2944894642624,2.23984897838712
8.6866843022227,20.3593351654198,2.31711263787453
10.2064788218133,18.6890025975182,2.24396821714876
8.86462798547016,19.2538715345837,2.25107859454897
7.93694662592877,20.5597884774093,2.27138580592323
6.9106228140802,22.1240140389323,2.30474359173909
5.86933821235473,23.1903789641116,2.32437451302224
8.22978942963317,21.2843716647293,2.32981849100721
7.54982344501452,20.5257787384268,2.27995953062759
9.40408153773161,19.2358807695405,2.25426947089222
8.69751309919014,19.8228772756026,2.21995620430403
9.34225191719823,19.6358156766226,2.24881105393218
6.96590706126123,21.235480996941,2.31092502094895
7.56902531737144,21.9681917639121,2.36375792554774
8.45516016322125,21.8773912080141,2.34581712340491
9.08835696631108,19.4579059747117,2.25928540785342
9.01088125776466,20.3509166232266,2.29854043835681
8.27331772514784,20.2441027160965,2.27837019360528
10.3771815509119,20.0859384721564,2.32186641384875
8.97423060854518,20.8076069850444,2.34813585771169
8.82638921566576,20.9028213148655,2.32939625140755
9.24642069843596,19.4746999353634,2.25580442097671
8.0127118768054,20.0753901748853,2.28749816292115
8.01514335341515,20.8112003354753,2.28919114671852
9.67769813706952,20.4702415252589,2.30619168071305
9.32660530360649,20.7124444360352,2.34154504037988
8.47104679950596,21.298117940014,2.3227666989349
10.0925326390259,19.2269171578433,2.25820865657316
8.45514569060225,20.3428702743185,2.26672966691488
9.41125762767824,21.4054897292737,2.37222491576226
4.00338869422277,23.8656821751158,2.34027543931292
9.9138295668848,19.4559890442863,2.26681921295816
4,23.6023851333549,2.31696619250225
8.70587122852691,21.376109896672,2.32700849110053
6.98074747861238,21.1036640358737,2.27575293200085
4,24.8532973882156,2.38400067251776
10.9377649290883,18.9854748281178,2.30887595739298
9.03903564134097,19.8365572284272,2.27129774284318
9.25495513250189,20.4502962719381,2.30969297403873
9.39064638719619,19.6969278110072,2.27246897898174
8.17908487772231,20.792734210217,2.30505551204909
10.4605099717558,19.5121992807111,2.27981279084923
9.04966552602886,18.9988080540733,2.24469498926206
10.610925034094,18.7998693106826,2.28956920239479
4,23.8551330410105,2.33561177632419
9.26820690466543,19.340643941048,2.27595889347459
7.38484657707078,20.414005095259,2.26289911226517
8.74218656557777,19.8431064595083,2.28124971386718
10.3998332319185,19.5988805396682,2.31331599268569
9.51660556739669,19.5258717933419,2.2733557710576
9.75861214608919,18.9912229475836,2.24223385958713
10.1336513361731,19.5133164555119,2.32327689395714
5.79888949763769,22.4478968827322,2.31870530908417
7.20132795237264,20.5967478144621,2.2345425910412
7.38113089436149,21.4888947221822,2.33362596920736
8.48823208623434,20.1418224275817,2.28672027240866
9.24030946676796,19.5572914759913,2.25540904702323
7.86175097658125,20.8031924740543,2.28679461237974
9.22729591885253,20.3603265767208,2.28593652386454
4,24.3929249811222,2.33578180177642
4,23.5055709573112,2.27872884296163
7.68131422159801,21.5929882065529,2.31975214498198
5.8939152953338,22.9724492062945,2.32177548552287
8.19795405938732,20.893707284187,2.31249696730339
8.01322579756786,20.6580949296713,2.28684053448565
9.95821873948734,19.0816463398037,2.25635356572233
7.69322562110022,21.1261895239569,2.32464923154182
10.0949598261263,18.2711524733546,2.20477266198705
9.7157830468495,19.722966767484,2.2866564158922
7.02617843809411,21.2532548107599,2.27714181338633
10.9231553305353,18.5379724716145,2.26838667770507
9.86248180928115,19.4346833555458,2.26444181811172
9.75777078373669,20.7463524008041,2.36053065829483
8.011431558846,20.7024919524961,2.29335587803898
8.05450986294143,19.7037395697732,2.23677846534811
9.76257059517448,19.9458357968439,2.30036306328688
7.05631347210099,21.8449845889214,2.29782479966566
7.62606943417797,21.3076791120712,2.31919377119812
7.45714503998227,21.4580643898963,2.3339131033792
7.83073050146465,20.6211712461916,2.27341908268614
4,23.8116092023602,2.31476469317008
7.0418390148169,20.835112515528,2.26895285585446
9.95961498945407,19.3149645175915,2.31674588820582
9.66033175238421,19.2955607181178,2.25253343889363
8.74627922214785,19.8180996246851,2.23754712548985
9.62414395297986,19.074451300674,2.25715177201926
6.72102014377107,21.0874867106216,2.27598739653899
9.50397467109175,19.4124723253905,2.26664132857885
8.08497804024977,21.6354461411599,2.34814369111482
6.5876264979216,21.6181271502261,2.2978094709326
8.93628575821761,20.2531550829717,2.29793997744575
9.84311471168188,18.595635491846,2.2585055207609
9.30876234530249,19.7971602811375,2.30592782016184
9.09070611223179,20.1773411204425,2.2949850281925
9.72834168168531,20.6079593908561,2.34070579216241
6.09930421721244,22.0674006271936,2.2870531583786
9.48542675351522,19.3978381562092,2.23343346167233
8.98292332221876,19.3604596000912,2.24319531936735
9.42012287362759,19.7804652279537,2.27176770773997
9.28803153506174,18.7996479878666,2.2322458703344
10.2603102244823,19.6056127054672,2.32331360145419
5.51927999522461,23.752886738725,2.3428633144609
8.57279899342954,21.0340313210284,2.33718196975023
10.2921738380324,19.2496858339384,2.29046595419837
5.22824029911247,23.0856351497832,2.34290299444738
4,24.0045207523484,2.32534639325737
10.0265673283043,20.4419931688015,2.34520915944479
6.69506424500361,22.4175175751264,2.34848720190141
9.53594294168728,19.3254872925915,2.30105417285633
5.27980245412072,22.1341613577302,2.2777756843081
6.15114174582057,22.1699063781252,2.31341573230406
6.63300044050975,21.7191970165791,2.32496874889566
7.10030674785173,21.4274679474699,2.27484939508011
6.30986890746896,21.1001072007779,2.26534656122682
9.91509697100725,20.5400274190427,2.34616352002676
5.46624289519102,22.9791995554865,2.32701568082948
8.4141289570558,19.706610310392,2.24573988137766
4,23.6849907601599,2.29999017242007
11.0033715342087,19.4372132027949,2.33130277977414
7.38002064878576,22.0616237026146,2.34596449952232
9.85439139686034,19.789579055554,2.28680510869577
4.15932843153648,23.3091776090508,2.28769140033197
8.72058412415444,20.1316940417675,2.29105362011989
10.8407342692043,19.1324442155682,2.30208631978998
9.86070726176431,19.787634565274,2.32026054502861
9.30707259900929,19.2141394102538,2.23759560581673
5.46533463893785,21.7756312891641,2.28175038047208
8.25938959700492,20.9236122643278,2.31337995507553
9.84843596091558,19.2910565183132,2.26900429071538
9.29047343532976,19.9833120486708,2.28402303386099
4,22.7409372782942,2.28402603763686
9.76794498984485,19.5614616531437,2.27927121246685
8.37817125507133,20.3134400058982,2.2863218574336
10.3466468341012,18.565969742138,2.23995411027114
8.162437625846,20.4575153238891,2.29982839489942
8.16851818606626,20.947176592333,2.32735818846639
7.91282624866809,20.3734490580923,2.26660008683148
7.39601897005686,19.8223468137168,2.2058881002263
9.33116286987878,20.0394135496971,2.31260452758471
8.6476443287838,20.5533327753319,2.301691830513
8.62937066967021,19.6653230346602,2.26094625474007
6.22127642235177,21.5120408927147,2.27675465733029
6.52439953337671,22.2348001574929,2.33105640618981
9.45853251888617,19.7279360190793,2.31305167080606
4,23.9547325851213,2.34885333250696
8.46450181258177,20.7692479394423,2.284390985279
7.01267955020573,22.7033156756488,2.3708782033773
9.55995124127821,19.8042388251119,2.27922380883086
10.8761090931757,19.1945184749988,2.29210387952407
10.1292523365373,19.2543545075507,2.27408734404735
9.9852436893115,20.297508078851,2.33235915353558
7.56294493540656,21.9848163340879,2.32833785355449
9.38003713803928,19.3507916941695,2.24480821048205
9.49694864948557,19.2432052387384,2.25035304967547
7.17204863969906,22.2159656787673,2.32239184605209
7.44209958760674,20.6252829809612,2.2570627198729
4.67785580770945,23.3107571595768,2.31170257238618
8.88019732111663,19.9452365937957,2.27101682149165
9.48685825473957,20.609343070149,2.33687247778343
5.45121380267578,21.5621512899568,2.27436936809873
10.3565489236686,19.6228792229963,2.2884678924613
6.99278255387003,20.6269793891959,2.23434647209858
8.86316122996442,19.7268707373971,2.24066573988873
10.0826244821237,19.7425283296485,2.27567392342311
11.6871546860894,19.4788680827764,2.33072543627456
9.78051317136215,19.2124421648083,2.25290897102062
9.27556108746971,19.0499319053888,2.23644322239552
9.85741334307817,19.0035365728131,2.24078747933291
8.49283145622744,21.8342598604688,2.37369195067122
10.4901233230466,19.1686919671736,2.29498523468304
8.89875768750574,19.9974545143686,2.29794971975411
11.6038492832725,20.0100164595009,2.36614994902145
8.67319424788569,19.2518340623521,2.23057980713534
7.55022733946252,21.8355241346361,2.32550355374421
6.48816172457932,21.1430708645471,2.26132037424775
8.08537565098694,20.2257363219027,2.23522640907499
7.72544438436983,21.2402204979352,2.28971627912572
5.78925899208636,21.8091873106523,2.30263478912309
9.81497809215419,19.8067482960402,2.30929376783813
9.40978678284914,18.4114296950608,2.22964547500501
10.106985895496,19.9561382353307,2.31599896055046
9.00243442880384,19.6169900373959,2.26368546106174
10.1427276541623,19.6328763085991,2.28526650905341
10.2898976485823,18.5394669339408,2.23032102663303
9.41745236253141,19.9157445637521,2.29122702541435
9.9028244570565,19.1274027144744,2.26591789411287
8.54068718184763,19.963923713608,2.24558213922812
9.24336887032371,21.8613344164446,2.36658264794245
4,23.5571393503208,2.32171854574306
11.5215267887025,20.289102921969,2.35133343434066
8.6551994229458,20.6982459332851,2.29741557894911
7.98252981391318,20.5067618767177,2.28297737140765
9.35451929358477,20.3800867849133,2.32554517152121
8.6743457144091,20.9067020432061,2.31707591446058
9.25520754671781,20.3178909766851,2.32159676971522
9.90571282787731,19.7355052149798,2.3009158548725
4.76586896454531,22.9383667318599,2.27934986259236
4,24.2923378298757,2.36489535093552
10.3375847088202,18.6210377902848,2.23618481673038
7.88919449324249,20.6111038635961,2.27279244969175
10.8952190015961,18.4098660699443,2.27407218483325
11.3367454157234,19.42214282286,2.29645899211943
4,23.5751577772587,2.2940376738281
8.79722662569927,20.5122382106004,2.29672781434928
6.20584039243455,21.659299103216,2.27280259454181
5.02393349667032,22.6360229769858,2.29603720694845
9.7619156996894,18.5412825898138,2.25265305996605
10.1202486853817,18.9337747935838,2.2624655462988
11.3488756574193,19.3605406212061,2.30628960429393
6.40796504436541,21.7353373779133,2.28981806121587
4.32324326472611,23.4870563925402,2.33271770611542
10.7704932423332,20.0960124920211,2.33066033436298
9.89781147194412,18.9052969308729,2.26732655858219
10.7054071165462,18.8334588212645,2.27820030991459
9.19499470091875,20.086115744805,2.28875497366804
7.00495069234298,21.127384087522,2.29790279116998
9.46511758269378,19.399581999924,2.29405743208742
7.5295428857143,21.4462529475717,2.32977167133894
10.1616414852556,18.8262981329215,2.28452202872437
9.55565804784058,19.6232855537093,2.27619943675907
7.10497101466182,21.5826150086003,2.28872955406551
8.63636923411218,20.3427208807591,2.28025013487763
10.0725588276216,20.0996859546082,2.30307554817261
9.02570577860431,20.9081006270754,2.33971263650706
9.16923367411777,20.3715682054075,2.29901118102613
4,24.1361487049951,2.36555301655063
8.59288472682668,20.1154089289646,2.28173181357977
10.603244105566,19.5521742662367,2.3110705163634
5.57623602270212,21.8986667142558,2.29205022442576
10.562634413059,19.3971998091549,2.30159556662397
10.6796634400415,19.7686551497814,2.32943909973792
11.2906359889194,18.8542411228663,2.30012447158906
5.94900814167577,21.6202434226733,2.2742808701658
9.67106763905311,18.8912412558727,2.2400708620707
7.47641625491322,22.2047145459048,2.34047216647866
8.30716547094381,19.8999168246063,2.25001453968524
9.92389149359592,20.0638600587075,2.30915854569913
4,22.8324149965886,2.26526002085975
9.30988799931757,19.7857500637037,2.28227066299597
10.2191659350908,19.0583892679003,2.23035956843978
8.4147294536644,20.103865363409,2.27719763540008
10.9039792494063,18.1453959795402,2.21656679163523
10.324813704558,19.3321892268124,2.3138057739777
9.78991864689845,19.2469759019221,2.28139722372546
6.99663883386647,20.221645519735,2.22680407737141
9.33380750244666,20.116831974794,2.29626278172285
4,23.5186424974381,2.30605507063706
10.0439729872637,20.3824334754915,2.31564889009277
10.1728594075753,19.0850963843369,2.26412643513981
4,24.5405244713464,2.34905080580814
9.31646130461446,20.0096346550912,2.31329389662447
4,23.6293191535683,2.33169163394555
10.152172309121,18.903338140878,2.2453142051381
10.5267327387458,17.8463342059874,2.2123412065869
10.1020688693497,18.6272965383643,2.23612112175224
10.180423986895,18.7946531044859,2.26282370225562
9.80522910410991,18.4438284987479,2.21478249743799
9.13222790464473,21.0823129026943,2.33817555904124
11.3571344432391,20.3525681401367,2.35697550642648
9.20112125546117,19.6900948076777,2.28565227190269
8.53821915337079,20.2375468382567,2.26397970650644
7.81529904454264,19.7664544646304,2.24058660375831
6.899326963277,21.1847459137529,2.28496868207421
9.31742820495384,19.7638254226298,2.27968581742859
6.86778378790368,21.4565092085097,2.28125456030753
6.7285253538189,21.8874968091338,2.29049946263806
7.10791574225502,20.5806077420816,2.22698435055206
11.1511745661523,19.3140212676811,2.30898863599484
9.6399806536104,19.4762116325801,2.26645558995673
4,23.8405124902993,2.31610785777274
11.0034491859193,19.2615781745267,2.31058767168317
6.69520610509868,20.9959414737596,2.25140967348842
9.54758621088129,19.1588905943389,2.27058052102599
7.72691745460698,20.322489535224,2.2537717833477
7.94057234420087,21.537497660244,2.32441700132926
10.9287953893491,19.6804378086716,2.32163115075939
9.6515542342286,19.3321538068768,2.26602682867526
8.57263065622074,21.0602219922751,2.31573399103399
8.30654726136667,20.5406448281073,2.28768860243803
7.78978610498541,20.12206409448,2.26431656608173
4,23.7777747000446,2.34389140451888
8.78497819600769,20.5644220653054,2.30005317575333
9.80784079097534,20.84352939355,2.35239094128699
9.3540838115592,18.9522265029934,2.24645597560597
8.88367974376483,19.6525301680396,2.24401303223673
8.83983174938203,20.8366181408432,2.3272708750017
4,23.4033207491511,2.3166693517579
7.84468270296298,21.4665771235613,2.31941992209181
7.21461435314301,20.9724263606295,2.27365954247196
7.15802495683766,21.3095606321926,2.30311978519738
9.72103760853616,20.1923654654783,2.29156482682673
4.7485605430635,22.4710392436336,2.28984980177706
10.6503594423114,18.895220751489,2.27280561846312
9.50466677936364,20.7384384072247,2.33747111232547
9.93679606427822,19.5749658448283,2.29496864782264
4.37284042052887,22.011685640602,2.26094450433459
8.92858207647974,20.3699820936766,2.31628199208439
11.6758232360084,18.2645529613825,2.28832237464103
11.0655392247775,19.4960225305045,2.33078099549916
10.6570408766831,19.82264757822,2.32090886072827
5.23655183740858,22.4669793230135,2.29923708493376
8.03862345306306,20.6535041960518,2.27261972009858
7.27539110948203,20.4318963644284,2.26307538973381
7.50618763322314,21.0459804753769,2.28429142762073
10.1195855137087,18.5949248199891,2.2012305274145
9.41683661210234,19.0313690893359,2.25985043579839
9.21697750354316,19.9573115081567,2.29779986025092
6.5819651819302,22.2908863036883,2.31258090149387
8.2398843556917,20.6057591928721,2.29533802215178
8.26474993787086,20.0030935498328,2.23559895108744
5.73660171042647,21.8870599192676,2.29300303815866
4,23.2428975738679,2.29064131354263
7.74880809041025,21.015869823808,2.26660084071428
6.45189438003635,22.0720181036272,2.3306258164052
8.06029437721265,20.117372178884,2.26723436662664
7.86955088829657,20.0377983504191,2.25736604072435
8.41396757600618,20.4722987847451,2.29167113976602
9.90747309312921,19.3084428246194,2.25882066247566
8.50177930779004,19.8764056073995,2.27784357933308
4,23.4390569704069,2.31063691285875
4,23.7469711810245,2.33617265611382
7.95134258406578,20.0746499718585,2.24878854289871
8.02648474869349,21.3314704542279,2.30321531291777
9.48675275638868,20.1520815112983,2.29970259421385
10.2088406413063,19.2993708983118,2.27066743818128
10.0910126418981,19.4574843872387,2.29503721922558
8.71337971717638,19.926373947928,2.28971397537199
10.0313706093259,19.9831623435872,2.31175742049019
9.11245660727123,19.9433807910321,2.2793376655033
7.40197097566811,20.7294642958298,2.28215370885847
7.39352028774058,21.1655991855762,2.2730858227418
5.83357554268743,22.5145217775169,2.31850779424253
9.21721194504613,20.2619930464471,2.30026985552625
8.84928775496252,19.3931029197539,2.25657540742406
7.59932460515204,20.0426305004946,2.25681174066004
9.97369921456233,18.8439557952539,2.25362135539831
7.85176685071556,21.0702564818501,2.28072747068182
9.10501396179784,20.2410130934423,2.30091584513728
8.69345133329968,20.4460644125689,2.30152129855111
8.45928028484539,19.7875256780372,2.22544268320638
4,23.2640136600549,2.29250531069496
8.37764783942742,19.0578367202088,2.20693823675692
8.94932431299363,19.5217377030247,2.26346504391586
9.44884045243398,19.8708439739786,2.29008514105664
7.6402691847315,21.0608549437033,2.29515767443929
7.68494809762611,21.4057406534579,2.33041192134519
9.32695106598605,20.6370261684242,2.30076253868587
9.52518513581677,19.9658776521293,2.2954216079047
10.3254046242175,18.875118172691,2.28170835681858
9.29002795957054,20.4036008145968,2.32245606152175
9.01285658662282,20.7186534474314,2.33005773838965
4,23.2926185592548,2.29508780025572
10.15791379033,19.6541179368158,2.30861111453578
10.0608911410199,19.1163618590981,2.26886085464871
6.98259133817359,20.4198342793349,2.22293294512668
9.68154654745982,20.2397709796631,2.31663776466967
7.77107995119641,21.741862903972,2.32820367264282
9.13132934020014,19.4933410428152,2.24712369369035
7.86315047282003,21.2478421921123,2.30842658475441
4,23.6734723559557,2.32187894507545
10.1366813856981,20.0341335023191,2.33699348150672
7.26169066131509,20.5785500543662,2.26298537358653
5.33681708991428,21.3704160809222,2.24063613263511
10.2639257868637,19.1474267163905,2.2963246938938
9.66278463470774,20.8703475259751,2.34964202623285
8.06882584021007,20.5548376756705,2.27771458313705
8.0410659356613,19.7954276349776,2.23573246542923
8.63447317626323,20.8534330848067,2.31705960961326
9.11324440744466,18.9619473053637,2.20812225625346
4.73738228940056,22.6277312327494,2.27433470104913
9.86483607746828,19.6379146347403,2.30088121886451
4,24.688342025496,2.36310687407313
8.31595756941128,20.6683280962192,2.27033486715097
8.00025871995644,21.5354071392226,2.33327010906514
10.6589094568609,19.7493935412693,2.33675301457227
6.39303197131665,21.1914179469999,2.25876092792922
7.20932532192501,21.830276224399,2.32829045834227
9.0327820148975,19.6071918717706,2.26068690688224
9.92495284784753,19.4115015592326,2.28748940395374
11.8454412570151,18.545326600292,2.31123066678915
6.49751933875811,22.6850902297119,2.32604425282013
7.78657944904558,20.4276349310469,2.27178430892377
8.14078378507887,20.6067405237859,2.29579952508886
5.03467855557802,23.6277999449675,2.36259825964863
7.82207076634647,20.8133565009033,2.26276716642643
8.79749918374761,19.8942808352863,2.2654256840796
9.47346624368702,20.4424040271199,2.32854370426173
9.21446886106484,20.3221305330797,2.3153487491507
8.72046350478498,20.0342453037909,2.25956003351948
7.96760548746592,21.4153508521954,2.351559087946
10.0287553972051,19.5399898423333,2.30032518347742
9.13849164180674,21.0731354162202,2.34690166371455
10.8374175204859,18.89884995241,2.28554893674994
10.0483304755798,20.3793090852252,2.34444632325317
4,24.5923386640146,2.3687305699111
10.2631416225487,19.2783393394945,2.30018665574642
6.92509933871615,21.3967046723646,2.30717510106817
8.65021948980942,20.9618902751105,2.32483421908563
6.92439549261403,20.8476698834397,2.26274802739783
9.4899118756297,20.1461485470959,2.30255527084359
8.80810626793902,19.216374944852,2.24711740593259
4,24.5874739968151,2.36813400234204
8.44088064838556,20.5877756403264,2.30904251206031
4.7345218653016,23.4504783616046,2.34260694134555
7.99492443441589,20.8773777952743,2.30996071691376
9.75475416117218,19.5801566290811,2.28605388480168
10.2362658758069,19.8212437157787,2.30659176727004
8.33298533757465,19.8280160644062,2.20993127755446
7.18226746289025,20.0503629788224,2.24582390926945
10.5877669789578,19.6084756611194,2.30257276077314
11.2429540459495,18.4862162799864,2.2487456711768
7.54111296857094,22.0386658450398,2.32878606376531
7.5971988449531,21.2913710786344,2.32613049539042
10.4046860866203,19.0581650218016,2.28565146407215
11.1972723544143,19.3409521106654,2.33271863503006
8.33127969549717,19.3670179727238,2.21356646103956
6.59497346026233,20.378431389547,2.23980999492242
8.32414906807767,19.6037972078993,2.23717693972545
10.4359603635718,20.1643249755256,2.3231167765208
9.27405770470672,19.6126258111473,2.26311336328405
9.04992559817051,20.209589598117,2.27268193294766
4,22.9370708114324,2.29082631002919
8.08337457825952,20.4165081220783,2.23069661877152
5.7290114579882,22.284463217204,2.30379083167628
10.609605722028,20.3650242903939,2.36220077892363
8.4966817812819,20.4494042597534,2.28483650862034
10.5827622224105,18.017576487471,2.22412208122703
7.63803462569754,22.1546958715989,2.36386982112949
9.09112766425624,20.089189171608,2.28384954526599
6.86528478425471,21.9049599538437,2.29782484881613
10.2106734600031,20.4466598103028,2.34690095604523
10.2187504917642,19.2535627846951,2.29337150113386
8.57911697970109,19.4749991739042,2.2466366388749
8.51242466228646,19.26593973886,2.20822244369817
11.5810229608023,19.3074770079651,2.32314982383847
9.76258853859862,19.2258006879816,2.26895725240491
5.31441584707085,21.5934106662548,2.24853359302858
9.17984702021335,20.2368208214667,2.30390476912403
12.6422370406608,18.0656606549451,2.29632626033505
4,24.2431039770577,2.35778260983301
11.5847989917189,19.0499265182665,2.31213506204372
9.12531764885432,20.9540115307753,2.3268008977792
8.54238977588395,19.7747367503849,2.25822843216298
9.70447822968651,19.2376436783934,2.231935141857
7.751024131639,20.3143451400856,2.26447136625963
8.48005247336082,19.9646710285606,2.25765345486995
7.43633937138162,21.1726237899798,2.29400580292559
10.2565514604789,19.493563528846,2.30749287876692
7.13858489135019,21.0793245412736,2.28586789492471
7.9995834337579,20.1214203931968,2.25022734492192
10.7252861378394,20.1074641552068,2.3314666163543
9.54889918795394,19.128950164002,2.24336900775782
8.17014083084154,21.4555103671675,2.34209346792433
8.10816683368973,20.6448275155007,2.26825809052057
10.0922247880777,18.7968610735924,2.27773392433644
8.43993947635099,19.5233556001384,2.24154945826823
10.2484925139603,20.326867162344,2.35237921715571
8.22590981334754,19.7497926222632,2.27466555334491
11.1000500140461,19.5232290908092,2.31079448718765
6.07843686377354,21.6209987044852,2.28729970268377
9.62756471493237,19.3442629992919,2.27640639149378
10.1355021642828,19.6693668039576,2.2942987172853
4.61228402829236,23.0228912599236,2.29749646519956
8.78651712813372,19.2467709161083,2.24623647873838
7.7837266765727,20.5082246681655,2.27541354288162
5.66464517961767,21.2665600898537,2.23015178319581
9.34657695773997,19.4048357723679,2.26221805570143
9.18528456909047,19.6823042028574,2.26745677520334
9.59659917253429,20.3517530585588,2.30990966997554
5.73664555242741,22.3978948689794,2.2974229106573
7.29975820126358,20.10874867803,2.23336601625205
7.53975335808387,21.3670307535108,2.31002276556272
7.94380435304281,19.911554601996,2.24187631334165
5.6223952574457,23.1066690868375,2.33705829944006
8.67699971213553,19.5530872145998,2.23327313933352
6.556039800839,20.4786495967638,2.24076380153764
10.8769776268401,19.1829445681902,2.2976422083201
11.3326120018077,19.3671828030743,2.32282020108476
4,23.9070218249143,2.34903250103389
7.06198989259967,21.1919343010611,2.27695669211709
9.61014162794151,19.7813249423423,2.2893161863216
8.6997974798182,19.7789611955981,2.25613633935366
7.35051670461886,21.5401393569801,2.33539955602287
10.7114715488632,19.0645160596256,2.30321659679415
9.39357284781353,19.0297413548528,2.2231388015417
4,23.4922484191563,2.31103148336256
9.03399820187102,18.8106757529416,2.23916908509691
8.92590813201948,19.7327559803583,2.27024423403796
6.68034037787714,23.5012243282032,2.39047578340307
9.9617840661796,19.0401449489575,2.27192639042107
5.7278940025627,21.7026548114163,2.28020126377935
6.55047739370518,22.4272011313134,2.32763452411437
10.725743445033,18.7112381991256,2.2693392702905
6.95105524456349,22.295394398863,2.31287527876268
6.82182471201372,21.9661099875351,2.28741743750066
8.39876760133996,19.6487315638292,2.2337101356756
7.37997381823092,22.7173808692483,2.39030945093824
4,23.970794586171,2.3364593204702
4,23.4246338804123,2.30735612078962
4,23.1152613856649,2.28745819792241
7.86759380009115,21.2038158380151,2.29780930808017
9.21513314614715,19.3925858973135,2.26237067792134
8.55751538786895,21.2222577366806,2.35202494890332
10.0384697613847,19.952431328167,2.29576469933478
4,23.4417945594192,2.31494754117154
9.85891060832352,19.4652409601301,2.29415838780125
9.05452672085106,18.7824227865562,2.17701162589541
4.47792861480263,23.8323461374088,2.33150909816264
8.94730473069592,20.1286813528451,2.28270961644135
8.87197475087976,20.2580830749505,2.28709494508624
10.9616696945949,19.4516124249758,2.32901871792141
7.93770581295052,20.5853867563189,2.27162029766831
7.9231871463248,20.8218300115419,2.25388202095351
9.47367551322205,19.6435854213783,2.29363579039578
9.42955106112321,19.9817971192585,2.30749046627493
7.06327504671096,22.0256137457338,2.32775669420537
8.49273276591752,20.5790579772284,2.30759439527507
8.0838258989662,20.3801199793338,2.25426833154677
7.75371783410252,21.3852632890662,2.33626748147793
7.54272346469378,21.9396927488089,2.33485300863585
7.1445010387458,21.0104649601375,2.27903510983248
10.1419509269571,19.2153203839455,2.27217674107894
5.6291255690197,22.6435956407798,2.29535701891474
8.51440303983844,20.8939044197063,2.30009720359515
8.52096622012198,20.7119153592402,2.31585253140494
9.33438968809619,21.2929133809073,2.37865632898167
8.72003587198444,20.7113808015573,2.3296257895069
10.6642857284629,19.519785859664,2.31261761224682
6.46213768651073,22.041570549014,2.30776204900483
12.0695179585986,19.6294504537987,2.33021099220952
6.69129289027127,21.3964666411392,2.25093636342012
10.0769194454462,19.0341520588607,2.26886361414833
10.2922574297552,18.8884502980186,2.28478979530541
8.88350915251917,21.2465649259072,2.34137058509566
4,23.0394217359195,2.30050940187899
6.67795146850585,21.7364997629001,2.32507928636767
9.0636232833877,20.3915756895461,2.3254897315134
6.45824915320671,22.0612923853558,2.32405149771101
9.58879308294116,20.4699608888995,2.31069413520645
9.62086061840112,19.8434674410366,2.29738020329021
4,23.571122330646,2.31449362167144
10.4800462919224,19.2093937546779,2.28360758028238
11.3898133326826,19.0006097906011,2.31080166426479
10.1242789695011,18.7769490358937,2.24646243044424
8.50748050719905,19.7788761223286,2.24593641136573
9.13817832693607,20.1194526685382,2.27247402675052
9.49078469252599,19.4645323003652,2.26979832512909
10.6736946489834,19.1518281827921,2.30474519229653
6.19993240743769,21.9370958442815,2.31658890936237
9.17724911867612,20.6021186200158,2.33357627970881
4,23.6491406744164,2.28900026084652
10.5272383999075,18.6465151283196,2.27859392084197
10.5293052012742,19.6241140583864,2.29721209852376
9.93134081667714,19.299896863814,2.26340096699191
6.84239907641412,21.1479521378273,2.25283560822945
9.08189467702176,21.1211001595716,2.33332226586382
8.50315738865716,20.5396815945734,2.29765059923072
8.75059585741443,20.485806589082,2.28550469706746
5.78569218366133,21.6066524386767,2.25388424423138
8.30474348364153,20.7890742678011,2.30710773629852
8.34438731899953,20.5731163070234,2.30180683372215
9.44681950431108,19.8604937798516,2.3099132632461
7.4593211005394,21.3981971789436,2.32378227314882
4,24.6645869391767,2.3606374695541
9.56848472890756,19.2634015913766,2.25941950011726
9.30486717009418,21.7053534404477,2.38218624496612
9.1608269956479,18.9062831861612,2.22849635372128
9.88178485214154,19.3137677395069,2.29419935932954
9.52620502716394,19.0274087418941,2.2377006389995
7.38500064041654,21.0542511823794,2.29095568609767
9.38279710588867,18.5264929394854,2.21104660448079
10.1290542062143,19.6734926551769,2.33523228584022
4,24.4745384420018,2.377959782658
6.27734313458185,21.9068774679171,2.30010081208965
7.76603323232281,20.688549487059,2.26749175375862
8.47965090703981,21.0869329942377,2.30759056609102
10.8281773110242,19.5846828307324,2.28598449986081
8.54364103105991,20.1843597615458,2.27959361454073
7.14145868690793,21.2126899810527,2.29502844602454
9.9552213237692,20.1902685193387,2.29990699866937
5.28944044861094,22.7358199108951,2.30466033218057
6.3154167877481,23.3216215658418,2.38129327925037
4.57278639160316,23.4843674941947,2.35001394325226
4,23.8900032532835,2.29824589323101
8.09872417208155,19.954714910361,2.26864417386406
7.50388320416585,21.4153820021054,2.30031439501384
7.22819305547684,22.5632442028495,2.38701536941922
9.9642344952395,19.2947841845328,2.2903240450369
8.96065740031396,19.9754398225747,2.28639866473095
4,23.3457172881202,2.31432481672045
8.06073992615383,20.4817373654256,2.26305079278882
10.0312606867721,19.3730577230535,2.28434935353133
5.48753492389231,21.9247308264628,2.26625898713316
7.94306902607576,20.5280850529113,2.28925786567056
8.86798214213779,19.8454553863771,2.25742023842894
10.2164980401004,19.6763982096426,2.31580270922468
8.02694390464928,21.3983070849344,2.36345229432465
10.0106282740012,19.3041423433748,2.26649046546904
8.28976188619856,19.9725232512158,2.24493814706605
8.79579983474561,20.2575027393524,2.30600589966255
7.9519361208015,21.680290389749,2.35472306054396
6.7806606571796,22.9413080650772,2.37154924293636
9.45618418951945,20.2826651424243,2.33092163430817
7.8477941044337,21.3337294404553,2.32108778851472
4,23.220423555197,2.31621767876488
10.1755707038911,20.0059082847599,2.34081399097459
4.77591893734332,22.9578883298246,2.29237371073383
7.90705754502302,21.4361347209178,2.32196067419894
6.10121784672061,21.9640255803758,2.29608955335049
8.8135042621253,19.5312897637804,2.25068077580776
10.8439635668882,19.9978710190414,2.34608337361822
8.47466804678296,20.9983752982312,2.35178848743171
5.11167427832941,22.2380641556979,2.28961878908789
7.71707440456947,21.2954410821216,2.30865330205704
10.6369116008811,19.3720717572709,2.30324928863403
10.3687268577005,19.280815000237,2.28513567009824
7.70137493573568,21.3456116980698,2.32540756937023
9.42729341294306,20.0968545547873,2.31588637196635
5.85552218176958,20.9677242669788,2.23115390806675
9.2527870985684,19.3893468901448,2.26796025923397
10.3536479567373,19.4343232368123,2.29294535009492
8.36643100220424,20.2877838797433,2.26703373220906
4,23.8299904049631,2.33548410342509
4,24.7541452753297,2.37684668468177
9.84125839171907,19.903986420866,2.29542378004734
4,24.0595538794881,2.34826035239174
9.74435402355765,20.3845128303336,2.31741714624166
7.6500282629072,21.1356413190871,2.28456749470145
10.6863638180982,19.8026123391921,2.32408765168574
8.25973815265293,20.5545345064473,2.28570761765214
4.97174754794087,22.1211897684348,2.26153363436643
5.81547952388867,22.634184746987,2.32233160646253
7.86250130418713,20.906995238359,2.29485489622483
8.45185310768886,19.5775682723903,2.23749052414027
4,22.6221044419217,2.23094894804203
10.3687082797941,18.9890295656597,2.28193124755632
6.67541498813824,20.8815573111918,2.25660267980961
7.60764173268174,20.9866802223428,2.31507493887631
8.25270277299171,20.7614886423013,2.28077323095067
9.59666377157789,19.8270093594619,2.28623145096412
5.85022360082894,21.7197043207078,2.27571803778875
6.81403447173795,19.9735433954236,2.20014136483623
9.37589491595826,19.172717372462,2.23293701503189
7.96771302375441,18.9092094262561,2.17415578929666
9.68830413821411,19.2489712736784,2.25935831624079
4.23542959216975,23.5723643950128,2.31897914907228
10.5459732714102,20.3784466370372,2.36978098250558
9.62499643736371,18.9489363332934,2.26722690416382
4,23.1974682182771,2.29888017123573
8.79828496384592,19.5693067862046,2.2448563524625
9.36327520557935,18.6813985820025,2.18828374293323
7.11191327186559,21.4166889023638,2.31213727103855
4,23.5595421917255,2.30586050471758
10.5939578647834,19.2491938106322,2.3026427840639
9.15274827549705,19.7416812994805,2.26590429466717
10.8823587659789,19.3057302380534,2.29323705568976
6.14602612978804,22.3181501487353,2.28443466957061
9.3539336580752,19.4647822775869,2.28488105894914
11.4127499938057,19.1058515467138,2.30089143169384
8.31421030270743,20.3891018658418,2.28936537712571
6.22153940903778,21.8858850625711,2.30131326953279
9.50919263885661,20.0695137828696,2.29880470458026
6.62792663416805,22.0718016354343,2.3188940858819
7.91400568321348,21.048735349949,2.3039434274614
7.07149872007417,20.8872745713159,2.2559403047832
8.30818740370987,20.4922772060228,2.29279031288386
10.5822241477133,19.5476069309366,2.29124777019656
7.03673899950955,21.4975982257202,2.31876618232136
8.20394570126802,20.9034981060359,2.32393347761654
10.8011990130039,19.004570410924,2.28176718999027
7.61238744766354,20.7388020451805,2.29158439773924
10.2443487798479,19.5155379641932,2.31162405427755
8.00045169451666,19.7023847860369,2.21034090554308
10.1085527316208,18.2884081338867,2.20986092355382
4,23.5671808237686,2.30866150897307
8.23991532563504,19.5453414077567,2.26659511722364
8.26316276894726,20.0386089930826,2.26547996903978
8.87194643411778,20.8130503179983,2.33100316524989
8.40543668562217,20.1023207074932,2.27014750403538
9.27774712372612,19.8077368627391,2.26690174984934
7.37937846083628,19.6930883273074,2.22197479066545
7.73838509260163,19.8841950221656,2.23890692701104
8.02227446109345,21.4163910259348,2.32981105834903
10.0377514416834,19.327055174219,2.2926311093822
9.26059142698421,18.7691391989649,2.21692826719978
10.0193396534267,19.5012410137715,2.28685169978439
8.39417610986238,20.2181811804033,2.26295239320694
7.90000929486445,20.3098179172037,2.22827256982105
4,23.6656475626439,2.32984534848072
9.00647915360885,19.4342167682945,2.27708319367109
8.80438251023985,19.7869881559481,2.2516340176404
9.74295157404621,18.8185165222917,2.26426596665364
10.4076364578644,20.1724062896672,2.30507307101048
9.29989345615447,19.646523058174,2.28616542769245
7.77242564070552,20.4249877686217,2.25220269405068
10.2607646365987,17.8911425183962,2.2276766208212
7.66099549818153,20.7148177807886,2.27335982157113
9.98809405138926,19.4355636849695,2.2803433650178
8.19233556050688,20.1105505503156,2.30005142963432
10.2304534866225,20.3422362124574,2.34394100075041
9.57167190104303,19.6782065105391,2.29617816701146
7.87758667206855,20.7113576796308,2.29545268995764
6.74825295585465,23.4003994927955,2.38056353940771
4,23.8175297029305,2.32324739894882
7.38339673339382,20.5202044491163,2.24640573306074
10.2673429194542,19.3221678251074,2.27080447291968
9.24870932803982,18.6962121715442,2.21651208635618
8.23873338487808,19.2785706794183,2.22741778452045
9.65477081986963,19.5531236687173,2.27413533863323
7.67692814447074,21.2501246722182,2.32861388276335
9.40151238321243,21.0258826307159,2.34553451770956
10.2181981557904,20.8196576207734,2.3486676874815
7.91003711402883,20.1892771804299,2.25158662084002
7.50443416324849,21.4512952074701,2.32790662177129
9.72813040261255,20.563860087575,2.33897897402297
4,24.3154398574202,2.37150598153934
10.0595960726021,19.2056164582898,2.28805115522222
6.25230370227203,22.0420941302549,2.31396832938121
8.09228776786003,19.9701971915224,2.24034104360968
9.58190464759145,18.5230628285475,2.23217468601825
5.93301283628817,23.0518683234232,2.34234560463187
6.44877988872289,21.73445233191,2.27220101563077
8.17351297730052,21.5048209349569,2.33493577760274
8.30299239018074,20.6864973099536,2.31314984719216
9.095662056418,21.3972373447523,2.35791514618149
11.1203688425497,20.561388766854,2.3781424848199
5.96131398678288,22.3155135560855,2.29765390987124
5.53577395088017,22.3384150434875,2.30254567884192
9.64410300148642,20.3760220100716,2.32802232256823
9.75006267795956,18.4207434579516,2.22176539597744
4.57374717285901,22.0241634135571,2.24102701410497
11.126270233392,18.4498178054362,2.25108409720323
8.01216831236093,20.4156941050425,2.24848750250893
11.5339162452976,18.3301249669243,2.27581497380384
8.73561554090698,20.2498805807633,2.30077682722161
6.81530663640418,22.5092075803552,2.34126893305858
7.96191308338544,20.8981975708476,2.30526044278385
4,24.2143984300352,2.34358773333566
7.1163828201292,20.9454163141694,2.29104880805333
8.9947963489193,19.8097911754273,2.29458282545608
7.83512840658594,20.4740761833217,2.2776113297528
9.76343063326773,19.1213696234041,2.2637315691486
7.77931564138157,20.8628907359921,2.28562038138934
7.39623328612421,20.5418845883484,2.26522881242731
10.4924749096763,19.4629406597225,2.31963542354899
9.55663968277135,18.3342023235154,2.22948732536965
4,23.0575925551079,2.28123901586025
9.4985304223872,20.0762625995588,2.31238986955056
4,23.0592295784056,2.2968206912953
10.8611033748049,19.0828428741416,2.30932685189455
8.35403406573673,19.374381055579,2.22957144708999
9.17972167155581,20.5119943860004,2.30089894410695
4,23.0816475326799,2.27778409676624
7.95276142540237,20.8620347034661,2.26459346188368
4,24.489181713999,2.34633218799334
10.0856579085222,19.8336494898625,2.33849361632251
10.7814216258907,19.4245333440695,2.32020907922164
9.08870328634452,19.7385820988761,2.26508222286645
7.55440615796303,19.9041989642178,2.25957554310816
6.12437986358129,22.1419234242818,2.30675559581323
9.66632746823888,20.0502415485845,2.2964599322603
10.2548084520294,18.5593468826126,2.20855993553171
4,23.2601802083925,2.30019040520495
8.38008863775461,19.6170331743306,2.22099538810131
8.65383987264497,20.3325261417585,2.29251776396196
10.0506606915872,18.9197100196949,2.26899388728377
7.46942816648829,20.7163890897072,2.27912067288844
7.90698989452372,21.4800039277187,2.33974391307596
7.64630561208003,20.7252510464648,2.28150637123191
4.84621227096646,22.7561865330886,2.29484170833248
11.6144585988799,17.5499337284282,2.22432357670524
6.4601331146632,23.3874287756709,2.36372136593771
5.61797520946967,21.9046364680318,2.30969682529313
8.73431433959564,20.8368595053179,2.30649304716032
10.371691346929,18.292279672357,2.23229015041486
7.44434023647,21.8098534413219,2.31294179153851
10.8463062020105,18.770427311422,2.2704719029255
7.82657400033588,19.7152242626762,2.23942197515514
4,22.7873182260121,2.26482956750438
10.7922394253698,19.4648923076973,2.31512334822012
10.2419010161601,20.0527767897869,2.32234559915753
7.40518570521419,20.9825866954104,2.28772391864831
10.205884130599,19.4743163258107,2.32454009913555
10.054386625255,19.6518207998279,2.32978689600249
9.47252301430205,20.6616856438455,2.32695247919627
8.16551893184423,20.9397722749702,2.29100941451353
11.1520971185067,18.5828826429049,2.2696442143601
4.00152075126395,23.6567909356302,2.3029352667632
6.98276562080257,20.8748607276896,2.25664737441403
10.6975719854103,18.8114778063381,2.27343227766318
7.80389532129132,20.9829224379403,2.2962582296149
10.0119927153221,19.884485661741,2.28645885301091
6.52457170672665,22.0579936184068,2.29825528028636
5.44941971903525,22.643575475658,2.31501548473609
10.0033112131152,19.2421194835449,2.26707123840366
9.16504166516894,21.1040049201572,2.36329493049939
8.8745674231132,18.4706167098643,2.19209398905432
8.73333220867442,19.4817570451643,2.21940594999461
5.26797758451754,22.3085402232091,2.30174507471175
9.12856301450839,18.7259097645957,2.22361439145232
8.22870790532775,20.0784968879351,2.26017520992889
7.95594301118265,20.1443901127424,2.26240303797293
6.10628425193312,22.0671745840938,2.30708271666129
8.74105433164405,19.5859119891992,2.25532253462943
10.5640022627675,18.5873153924638,2.24522672340291
6.97560079740463,19.8682587885347,2.21176063683812
9.87785714015097,19.3771416928803,2.27221117609183
10.1491787036488,20.0627298507072,2.31157925125026
8.96698838356009,20.1675036480097,2.28295319221779
9.00002452278527,20.081550040622,2.29878266267954
10.6340405502174,19.3196901529613,2.2983838222579
7.17974790414395,20.4414390542032,2.25296439710842
9.80077590552783,20.8495841529491,2.34173265552717
10.0097624269564,19.4647122042047,2.30071524560767
9.36012804771598,20.0891495698377,2.30324667140835
9.04604690508514,19.6592030388395,2.27429493205153
7.77701531157132,21.3381321621255,2.32861165225502
8.67216959942305,19.6333726325144,2.27105032910146
7.93484285955215,21.977567294113,2.36394631688835
5.98962339514738,23.2083445606641,2.39610734468194
11.3900315959407,18.8618302682209,2.29275459660344
7.69622478775359,20.030807211731,2.25129763937432
8.96701670703964,20.2737316797591,2.28936064213159
9.47428832770442,19.5210205488402,2.25326420741153
8.4359166211835,19.7369474118047,2.23177685807347
7.45867883559248,20.3665318357777,2.27542856813201
9.23260672429748,19.1925692367345,2.23538505919231
6.08773198521692,21.5144835492731,2.26568430617263
9.01058530757607,20.2794739781405,2.29575823233806
9.65088929265356,20.8343708449839,2.38118864764252
8.12888445007939,20.5160901694249,2.30794766660314
9.10119348598704,19.5528921915853,2.29535234185959
7.70266710715632,22.0532545730038,2.33786315278716
8.17368559036145,20.0641374174712,2.26553854031293
10.4199482261761,19.371902794901,2.28535927443931
7.14957467939247,21.2739683469319,2.2701689962263
7.56833249651602,20.3121244461535,2.23002323731599
4.86474560121656,22.9671810304995,2.32243999472436
8.61302876874337,20.8427979734697,2.33290723442901
9.20793758364635,21.232082571275,2.37591813721617
10.1162830483008,19.420222585015,2.29029731911098
4,23.9230939252998,2.32751028568585
9.91798173555206,19.5301091670544,2.32420554552945
4.18862142120168,22.7943086666722,2.2724013407693
10.04939607993,19.4784643192516,2.2907514612156
9.7251765720402,18.9151282551411,2.24450342289866
10.9532768789331,19.3382762289675,2.27912149341579
4.24224212359874,22.6496160474923,2.26682394483992
4,23.597666318755,2.30875174325553
6.18040892826164,20.802209681394,2.24772857883271
4,23.6638799055835,2.30945082613465
6.97897297222341,21.3937193125674,2.28687687489436
4,24.1460043718448,2.35449131117137
5.72996673818001,22.8327323194398,2.32798346268331
4.26285438635815,23.4139625236796,2.32398897508593
7.90412563492004,20.6984805906685,2.27946479229099
7.26672575027356,21.5331584741502,2.32103880370138
12.3744367884371,17.8593057875552,2.29790943756685
10.7573308764422,20.4243474779578,2.36814242188753
4,23.2869508420226,2.29736924139045
7.98386015189378,21.7440412824111,2.34151667343214
6.47190923274364,22.170706626252,2.30977910189378
10.5665370993609,17.7049361105956,2.20037018928322
7.20936028453281,21.8707708728534,2.31162532949831
8.02331222741919,20.897985940072,2.29120987826241
10.0062253660417,19.4452042928591,2.28350543427148
6.282952838599,21.2159212487406,2.28786448695869
9.21614368009511,20.1966734502465,2.27034416621315
8.47729996417184,19.5893083320075,2.2483503922136
7.00192769572267,20.9254592652776,2.27678307811351
4.98237727827856,22.258197860562,2.29689172067283
7.46003629047992,20.7298085165867,2.25920468467347
4,23.986390658213,2.34053097840553
8.70079131997373,20.6755449650888,2.30939453809803
7.56250188027154,20.6419144797305,2.29264246164253
8.90065607231803,20.0351124520681,2.2847740612636
4,24.2330089522201,2.34452254211272
9.83176357250755,19.5759323338128,2.2783431080024
9.60894961403817,20.4327649674547,2.33404520819399
5.50364769529284,21.8042915547157,2.2152625049682
9.42364909636169,19.4652619288848,2.29473893125765
10.539319431328,19.4366418343363,2.29931505530263
11.3541973934315,18.1521809444116,2.22432179333044
9.93105018307201,18.9508090670781,2.25176985367624
8.46176214814453,20.4881398466868,2.29716579211507
10.067342943292,20.4027252187378,2.35320003902943
6.72278102464455,21.5173465195618,2.2925282224635
7.78349343485288,21.6084686325573,2.3441057613131
9.44181651554242,19.6649395857021,2.26985727289324
6.70983040484001,23.0449283325371,2.35880325796411
7.90296418867263,20.4446485719145,2.25850657956473
10.555566510761,19.4497609295057,2.28520124689248
4,22.9795826158074,2.27335741237339
7.95137032814073,20.4881667589976,2.27604236476864
6.48614327112823,23.0154300130535,2.37919147942602
9.24735962608102,21.2859194406406,2.37976081052468
4,25.0315657271033,2.3990163222889
8.22153500815085,20.381812157258,2.28262461542543
6.87332655796294,20.9997059149571,2.26064793619898
4,23.887449437201,2.31562191233462
7.62247532882905,20.5893406104561,2.26750429628206
4,23.7791813415325,2.32553542974201
9.17497602451715,20.4229318800705,2.29314566259867
7.51500334263452,21.3344045928261,2.30372712501718
9.84605651287506,19.6200735603504,2.30381947282688
9.18850728267707,19.9916799354469,2.30750397649937
7.01480970753475,21.3389120261031,2.28852219751713
9.52107595207037,19.7522074551174,2.29502756615586
8.81190699624851,20.0829891792806,2.28673319304153
10.464366824857,19.5281795842401,2.29411955032204
8.69938299903888,20.8017969979558,2.33331460694287
9.95093835412964,20.1881930457893,2.325330900964
6.91114634221706,21.1193554543476,2.25987349774421
6.90943573699444,20.0804059590994,2.2218780199637
7.88030507980862,20.4245527446152,2.24962679289923
4.00012512912458,22.7703378694986,2.26279829374964
9.05566310548929,19.6188079926142,2.25935255798411
10.5036653752174,18.497598386203,2.23119364544777
8.57425343578918,20.3739636551325,2.29898482257169
9.13553310692134,20.2672339858779,2.28184784456321
7.60752871234076,20.9065251318553,2.29540129244487
9.21549824214576,20.6019883419396,2.31845025704801
7.72114818167228,21.1231253701033,2.2982258730312
7.46170468823144,20.377357144437,2.24178488110411
9.13645367131643,20.6672003558372,2.32052113883009
9.21047410228888,20.9352659191501,2.34204588743537
5.30419592165617,21.9879765164219,2.25866343330529
7.49953241204549,20.7913984003929,2.26101959476158
10.2242868786519,19.9449168974984,2.29155823701169
7.8358765708329,20.6773927054345,2.28935437670203
8.49133658481814,19.9291477384246,2.29438640786624
6.6008167342382,21.741019909061,2.28250891644915
4,23.9575688636522,2.3246211861446
10.3495665491389,19.2545821308482,2.28595409234811
9.33090597639274,18.9348987718693,2.23182276648686
8.78956667448181,20.4729437616601,2.29504129105524
4.58664964198419,23.5463709530143,2.32358601610337
5.6381953680183,22.6919013910444,2.31313836168457
7.13603972182625,21.8079246687441,2.30857064723686
6.05059431681021,21.6741338468632,2.26907008831237
9.75927267900272,18.8677926211384,2.22770670456363
6.37423399146816,22.5065121757201,2.31986824134513
8.89632670082351,20.0825888266345,2.26686318536891
11.7885956265939,18.816760196815,2.28462573491778
9.34470142357822,19.7754107394469,2.28136969552391
9.19305773267151,19.8298547104198,2.28969480217021
8.127426170512,20.5720983659675,2.29836410843364
10.0104442921994,20.0550095834503,2.31767204677815
9.60195736470775,19.8883655086128,2.28554157323724
7.60066129616664,20.6077069743122,2.28313515158723
8.32298895341949,22.2053107947163,2.37643306554695
10.4256585470832,18.9086324209659,2.2617309202084
9.57107516905219,20.4437484637537,2.30559587711641
7.97878345133145,21.875339843724,2.33609429102549
8.50595010752393,20.3754414756631,2.25728835263937
8.59125188519479,18.7561137466382,2.19932444338542
8.38037703146375,20.4254154589205,2.29547339409566
8.72866082694935,19.6654357161251,2.25486777060464
8.64481321158181,20.7424305317931,2.32700886496716
8.46997085292261,21.3359196258083,2.35175820465496
4,23.7817596915697,2.32476492797924
6.04837144813522,22.0885773483178,2.32100815058841
6.17247493286782,21.9751069628917,2.31129596932207
7.79190683882247,20.943472224001,2.26048274338038
10.9566807614512,19.025477518188,2.27648098952931
8.20230694058619,20.1832829878259,2.26895594367617
5.45137955037887,22.0435566061035,2.2854738626309
10.2400419491149,19.1343732251384,2.25965396666732
8.72594097004915,20.2517887348601,2.28477352107801
9.26501944799532,19.3337754929405,2.24236896094576
7.19651810281401,20.5322602314898,2.24658365302029
9.73268072519639,19.0686895596314,2.28641259591804
8.29084952325225,21.6087517373143,2.34536460679217
8.96474281858534,20.0498784154382,2.26972682184836
10.1771437169095,19.067412287366,2.26809867765685
8.49059044396047,20.2469601483471,2.28869693022183
9.28828277853324,19.9112261149366,2.26876632957324
9.5243517986509,19.0374341962382,2.2539085122359
10.9613362802478,19.5086726401567,2.32281197394409
9.43471359664408,19.4937337772449,2.2546590043943
9.5096887260861,20.5040547313772,2.32837189861105
4.68497385331794,22.4249401119714,2.28650456497801
7.23113569938231,20.5903658292456,2.25790647921646
9.62997172504476,19.3951872675505,2.25161047844368
4,23.2311379023342,2.273133933816
9.10592202321334,19.8306398016693,2.27120200881898
9.83634934330391,18.8145858499831,2.27441137945608
8.39790193483611,20.338846964921,2.26775666695512
5.16829177273753,21.9336204873896,2.27377890556434
7.87550948934959,20.168681033754,2.25250837339162
4.46006742694606,23.1509641658739,2.32411052468324
8.15570037506838,20.6189531126767,2.2969453641934
9.11957315599834,20.859171355081,2.33966760332009
8.55201244302947,20.6163160522106,2.27718553757865
4.14106256964575,24.3189893055681,2.39245891257106
8.97663771599892,20.0576127428878,2.28674603517266
4,23.6973453963568,2.34271640576114
9.55684179134715,19.2414967460351,2.2702030380702
4,23.5140346212549,2.3179527854187
7.31304496857292,21.4577822777989,2.30861720602126
7.87559511918589,20.1697717200559,2.23685606271727
11.7474530668172,18.9084669633648,2.28115242956084
8.23023613543243,20.065954425565,2.26725181084208
4,24.5571328579676,2.3718993993404
9.95027811264521,19.6022946463975,2.27530574720747
7.1488692297572,21.5084996333782,2.3017457535942
10.7979587678461,19.4509735798445,2.30412961410097
10.0080899511723,20.4507808748786,2.31785265668653
10.5087112603242,19.3630323079106,2.28859726100538
10.9556365552512,18.966679900881,2.26438168625641
8.13752738112488,19.3362743436057,2.23072736283103
7.2097498044659,20.9754171486166,2.29688695370086
4.75800671451579,22.9336522256383,2.31583499456875
10.6948095427414,18.2130744664386,2.21646499574062
9.40486077256828,19.6290196254265,2.25727755314156
9.48870229299606,18.7028121766886,2.24099889737556
5.35760452225836,21.8628791959179,2.25609464077323
8.43890025158901,19.4993472288961,2.2445944770106
10.6285632932882,19.5214288310049,2.3070613743877
10.069425856409,18.9613843485609,2.2912935877226
9.37367642603114,19.6304351798427,2.27564610926069
9.69576967349716,20.1973121449681,2.32681791871398
11.8324475287319,18.9777839241823,2.29706958027373
7.14564079039245,20.6604792343641,2.26668587215193
7.98275911264404,20.0202011344343,2.23546800569983
7.03290110452113,21.3423299762623,2.29424353847634
5.24136160416418,22.9096680102826,2.31213727418054
10.3387778961386,19.596678785679,2.29724536102875
10.1592796898212,19.9582619688597,2.31009512225524
7.27526991505903,20.5914920557404,2.25425908828772
7.08504706172559,20.6606739543961,2.25769862903198
8.77977454372676,20.5935614536463,2.32196829192828
7.42951441115883,21.84549625529,2.33575128399706
9.60333684624962,20.0192795897839,2.2959842503191
9.38332249639894,19.6891494591029,2.28859465113684
4,25.1977599809567,2.39438604183861
10.6607773218957,20.3643187959359,2.34717560226367
7.02300390762691,21.3422877201656,2.29057568293126
5.53827001036118,23.2127385294211,2.34623861583642
8.90801132054565,20.5496587943734,2.31363255315749
7.89517122975431,20.7943462631798,2.30452232853817
11.2815243225237,18.7329089221492,2.27480635296765
6.71719684737933,22.3337137087883,2.32940409757367
9.23427914668348,19.2853762063496,2.25730908692627
6.07003863691235,22.1608203811884,2.32283371126289
7.85792857756079,21.5984822344905,2.36420191521602
8.57690589886186,19.3409429375351,2.2418504490181
7.54421702789452,20.38653340841,2.24290356580268
6.8018859221498,21.2131528159887,2.32480283884847
10.9138983759156,18.9551555810698,2.27062352204416
7.78298957416939,20.659437830285,2.28192890770447
9.96499130248345,20.9126365511764,2.35589149134192
10.6787347102807,19.2505684412578,2.29355632344822
9.43236337541805,20.4548535753016,2.32358057233856
9.13988953144444,21.1717972592156,2.33052388836184
8.16803253011917,21.1583358973874,2.31838988816942
7.36501354635771,20.778205441077,2.28759640713435
10.2075436835321,20.4169440933734,2.33609651284142
10.2525757533813,18.8051072027191,2.2615752491466
8.99761782392999,20.9578206556643,2.33273968189377
6.96072534284354,21.8700929754696,2.32353149872596
7.05066518183869,21.251639609009,2.28689562806178
5.98715694602723,22.381722605017,2.32477170796875
7.61006727070373,21.1139078356531,2.30684694959595
9.28319500507754,20.303012868014,2.32877155205268
7.70527702680351,19.9369031215823,2.22998165350549
9.46073301143458,18.7338290017042,2.23834474591137
10.3499094278088,19.8870032760785,2.30521693234719
10.3050992984442,19.4148737644421,2.3066765417707
8.5054949998464,20.1862520357113,2.2926719444744
9.43021121706232,19.6462518843226,2.27932738923261
10.8491664256713,18.6270933790375,2.247515736153
5.35849139484215,23.01151662341,2.31842779618098
9.99271507515219,18.9260625707282,2.25244121695443
6.39846167617972,22.0142837859448,2.30969107038988
11.1161793432353,18.3977556558996,2.23707412376156
6.53278357991451,21.599848893586,2.30341454038852
9.40008673491457,19.5736984773426,2.28109435774526
6.48017473577511,21.6390148197834,2.28375981312548
11.0343596155866,18.9744946108386,2.28002034287235
10.8116728853979,18.9622204218627,2.27991205325728
8.13557994079168,20.3303206484092,2.27618070203042
10.4721811151441,18.7364687614449,2.24530987545918
10.8350858248616,18.6484536460941,2.273779443337
8.43953821941456,19.8840715653532,2.26347127147359
9.89052877031238,19.4236395783288,2.282557990902
4.72034382776589,22.7275066171353,2.29192355183135
10.1880667340648,19.4720174496325,2.27159820254589
8.9857744957585,19.426480674009,2.23971491096741
7.00496713659706,20.9401221629062,2.26033143507492
7.80783462930028,21.4630911245712,2.32915092941089
9.2400400585385,19.6300881383032,2.24422066832755
10.300334382159,19.4702952646655,2.31887042907291
10.4187340048791,18.976274782487,2.27028983752337
8.51336771962783,21.04173334578,2.32437984476934
7.72299859213558,21.207680064506,2.29171548466873
4,23.9873466245209,2.30682829573077
6.75882104755606,21.275731935403,2.29828180702659
8.36412934746908,19.289955412241,2.24710652711146
9.9260133111738,20.0537733489188,2.30175240751412
7.38327647888017,21.0596560726157,2.29129241962292
7.70646562688544,20.3211406861259,2.25398350929928
4,24.3518454423362,2.36820273293567
6.39907133751037,21.3045013166276,2.25043163949199
8.53937887102533,21.0021077968218,2.31455444941859
9.73242814730799,19.2847015567412,2.24905881903094
8.85119672336082,19.9376632726616,2.27344456632466
6.46798024092347,22.4988437114007,2.31998495489755
9.03836690079612,20.0688931978943,2.28023530222075
7.44757708634424,22.0384591379631,2.33328431815393
9.56828276272154,19.3613655531777,2.26291876896002
8.3062623821581,19.9596281604536,2.27267572499506
7.27792047952856,20.9864094725163,2.27173540346725
4,22.8643703883197,2.29287041296663
6.89814964519227,20.9669976327824,2.26667456345864
4,23.8564950921937,2.33245510278467
6.48723684153902,22.024586965845,2.31502459780938
7.96080055714863,19.959004696242,2.24573151685799
10.4950571149724,18.8791025206212,2.27185410419677
4,24.5385778177027,2.35392324939179
4,23.8320961095423,2.34291688445758
4,22.9959521702612,2.27556097325431
9.91638774737964,20.710440958089,2.34133276806922
10.0417331019048,19.0629439384108,2.26105967893085
8.79364249691203,19.8779453575809,2.25147890615843
8.9916575955016,20.4701886299078,2.31275117515338
7.8151759844026,20.6353721633584,2.27896772133467
8.59945374441597,20.5257332980638,2.28383178913007
8.03689431108642,19.8809417322823,2.25015939847018
8.82258176089852,19.3886741453677,2.24314269305473
4,24.3298025074479,2.36486673898916
7.61071341909935,20.2467850626165,2.23627929666868
9.1248449948075,19.6000260091482,2.26932792622983
6.83580579459416,21.6554590847709,2.28264035905676
9.0779255222807,19.8004353473395,2.27652416583298
10.561123483245,18.1654565907218,2.23440495056674
4,23.7083736627336,2.32979685785889
10.5611879472322,20.5942639401959,2.36916388323255
9.15123293228985,18.199781564475,2.19511235122991
4.95705742474177,23.5437787026136,2.35004277194984
9.94135018184966,19.2496704636124,2.26483780726382
8.83035160448907,20.1075121381541,2.30901646920115
7.3776421111978,20.9507485702756,2.2512420259537
7.2638839293045,20.9323648072308,2.26796951551859
7.20293916896322,21.0711221047961,2.29982707429859
4,22.8988742291259,2.30732741588521
5.84368096705096,22.7016395781176,2.33452073369513
8.56364257436298,20.2499984128021,2.27801596742264
7.25758827011078,19.9771975030478,2.23256153707048
10.1322834503433,20.0319159849891,2.32469442044346
9.188632911055,19.8010458401182,2.29323164092763
9.85315613846023,19.6822914055867,2.2967803076325
8.68551881060931,19.1869700543121,2.20967676020927
4,24.3158798470366,2.34884114128157
10.6687934118136,19.8672127810481,2.33091776652123
10.2010365881029,18.7375167810521,2.24634162177524
9.71288782275586,19.8573180824307,2.26779113074636
8.57259698564723,19.4334802965359,2.20483339591256
9.76616837742855,20.9808418465007,2.3734110475838
8.71125689941528,19.7849144751406,2.27171078427018
5.39387476656307,21.4682131640785,2.24086946077447
5.76644445021363,22.0234250619299,2.27479129751609
9.57972473307105,20.5634860796535,2.31444710789265
8.47803400433478,19.7867524417726,2.24309325102885
8.68928111385667,19.9526070967787,2.27506781941516
11.3367125694828,18.6193471860836,2.27372242458646
9.29011899860895,20.2855536851816,2.28695007425652
9.29549491812803,20.0673505403612,2.32506190785761
4,23.7414345908357,2.31788938729508
8.41070276153961,21.5313455657908,2.30978730762387
7.86454865984489,20.9472933401952,2.31632679437808
9.41028217328558,19.9905869688911,2.27410499278598
10.4329277867643,19.5862114841782,2.2923829559358
9.60615841179233,19.7785146649982,2.27188672803374
9.10638384035979,18.8690244453273,2.23863192631457
7.02406443308665,21.3679456109482,2.29897531689393
8.4525591378176,19.863464149951,2.24147743262289
6.6712190584145,20.9064655813982,2.25616376079137
9.42553564934513,19.8566382850021,2.31571051109579
8.01839451004177,19.9337317358506,2.25848843323039
8.8472322058439,19.1347963484975,2.24512199500765
8.92527551554213,20.3836032914345,2.29224992679524
9.63038367236424,19.608477929469,2.28973204239532
5.54449293450906,22.0474796384689,2.25957221571072
10.4850557958403,19.0638570732716,2.265298062889
9.22417336304897,19.2805037745786,2.23782840873512
6.96134637551154,20.6576654270062,2.25109516180254
7.22730230064422,21.1406146935507,2.29239142131976
9.73573212025808,20.4774764105514,2.34258741822289
8.65443412326455,20.6690903676233,2.29673102146369
7.93292437853621,20.5924968257463,2.2923140302992
4,23.9731704741167,2.32994420060021
10.2886757549439,18.9733829370807,2.26246809636238
10.3146305337301,20.8074094556641,2.36350632449555
7.88009656803019,21.478475727009,2.31475622787082
9.52751159602697,21.1201869814275,2.38457861783282
9.51518700669604,19.2306110623904,2.25500575372716
8.56633921354026,20.1517756051017,2.2783588000636
9.05063508420372,19.7107910191197,2.28055125713692
4,24.0478537023943,2.31896568588146
7.35844463937687,21.1146829209839,2.27466450347175
10.0536762646542,19.0186097353368,2.24902837562319
9.48552782905162,19.777018550874,2.31574348478391
8.9037923009263,20.4098216408374,2.29140372284957
10.3053873191655,19.7357852089403,2.34348659271497
7.77228130052084,21.9354217867372,2.34544115668251
6.82557767209884,20.6038015893843,2.2427418645543
6.54889377197163,22.1855623781894,2.29968181469121
7.23846383320845,20.5070442286627,2.27449709867075
8.77748136978037,19.6101982329459,2.27095627285014
10.082954951889,19.863857709084,2.31177166433642
7.146988472533,21.0968482001197,2.31867688434619
10.2684890606585,20.4855339558428,2.31012771081034
10.4855135996898,19.3626177141973,2.30609067775774
5.24647858626281,22.5100581440954,2.29945446983656
4.13040941640471,24.2865117116791,2.37158961654514
5.54276373682181,22.1747000334648,2.29220970761329
11.0035668722107,18.3589979894406,2.2684297600841
9.01226677687175,19.1536552873655,2.2256444144565
7.44319126871797,20.3087451104336,2.2201956893461
8.75228291869936,20.2672608288306,2.28122383149953
8.26174964289585,20.1849680170444,2.27898226755851
9.31820146615233,19.9720319997412,2.29524280323492
9.02251983513732,20.012941539115,2.29548250167707
8.98848703193152,19.724245873322,2.2975033846181
11.0550398026402,18.5529301359199,2.27480161191138
4.76010281805563,23.5471155213678,2.33725409913688
7.33983303241522,22.4077844660353,2.35172202979646
10.7888036223528,19.5133376607909,2.30761710853507
6.70113660362587,22.25809924973,2.3249024253678
7.25134608105434,20.6831695922627,2.25346313414951
5.29144776612604,22.0968292966108,2.25837799937398
9.91508946779488,18.7450350161956,2.25017215171292
9.83737957336907,18.8626007484545,2.23590828003656
8.65194977843185,19.1812414578576,2.23310873191192
8.75898465250706,20.9410087890591,2.32530100779494
9.81717500878962,19.5636511029575,2.28034336437749
10.9616768386161,18.868651427121,2.28105814588332
9.17659135051565,19.5806633836462,2.27127004251034
4,22.6267601023385,2.28984880633841
9.10939553650982,19.2610348453148,2.25588701328929
10.0830185422681,19.7199734698487,2.29317030508345
10.285053658807,19.0382642206625,2.27491476479755
9.05081902323623,19.5193353067554,2.25122321134817
7.47114351146929,21.4518285800091,2.30228994344074
9.80183320259372,20.7787376245577,2.34373488431636
8.83215290691685,20.1341525336953,2.26778981499833
7.13305791587795,20.1926914782773,2.23412815904644
10.2131212581499,19.5804026503522,2.30380889108286
4.20720485541441,22.9519666845508,2.29441620441824
10.0312915023099,18.9262130316275,2.26310981557731
7.39714186710752,21.128251251008,2.27388219612559
9.13848677030074,20.7424320066399,2.33315211853279
4,22.520285591362,2.26630073545303
9.3615730740232,19.569890411478,2.26476275006272
4,24.3698553496349,2.3549930550877
9.15392791381966,19.287014695862,2.24232035291665
4,23.7411492357718,2.31712766652657
10.5291849825128,19.2160344283889,2.28900371693523
11.0876061934464,19.6518847237513,2.32705704811836
8.81928665094623,19.448653532467,2.24946234905286
8.61280976487341,20.7773327445646,2.33303078637304
9.81224952649893,20.2120400306454,2.32574944245324
7.17388184954974,21.3231629990513,2.26793045692154
7.72842738067969,20.5250300789521,2.27958211751168
9.3903426656453,20.0596180326288,2.31080009508145
7.97615421115045,19.4666813690147,2.22592425312704
10.086913030047,19.7062073905754,2.29944674803704
5.17653701145521,21.3213202943982,2.22409697126097
4,22.9430475453395,2.26974021842897
9.56181789144995,19.43304875069,2.2731019566179
10.552108494448,19.6550683856134,2.30800575467863
8.3622288695122,20.370659512775,2.2953017097394
8.56707984433147,19.5727585757161,2.25083328869743
9.37118798888612,21.2356010135958,2.35199911364996
4,24.2811617787717,2.35490253966789
10.5512055820847,19.9971024396168,2.3208833593451
8.62815269941134,20.0415665109688,2.25794387793337
9.99097322791728,19.0715584650094,2.29260389955694
7.51518782836655,21.1361627258465,2.30878606968689
5.69275033372898,23.1339192106384,2.33660474065758
4,23.3456845755119,2.30802835553506
7.18498627729286,21.175528027301,2.30724759918435
9.87514189727449,19.8811972750453,2.27714845601907
9.30466617120763,20.6549784311013,2.32356550876435
8.18491773541615,20.1677012948717,2.2628047959258
9.30089214772471,20.2353565225105,2.31633356548419
6.77262647991527,21.0604457693125,2.26377905850805
9.07986186914817,20.7772577277832,2.33197116398729
6.3690822403502,21.9767323082875,2.28579942619882
9.34480935332755,18.9270574020331,2.24958686985508
11.539170570252,18.7985361500908,2.30101045286317
10.8164543959206,18.4215083896756,2.25099127637153
8.50267647837336,20.3860887039515,2.28731923324254
5.49035325319595,23.524267312502,2.35736436860937
9.09357427388639,19.5079448029464,2.27080428317758
8.79287985006851,20.0842355996098,2.28240631882513
4.98014975228479,22.3620544726461,2.28185639561628
7.97078503992664,20.4831575508605,2.24980700629339
9.85230286251869,20.6481838995573,2.32188681811445
9.16101325485951,20.7209501591473,2.31352805187117
10.8516708452079,18.9943643146255,2.30944281426073
8.32306218353537,20.7413384776514,2.31023653054576
10.3329240755169,19.6016342498731,2.29680583694237
9.92409761848744,20.3171190084549,2.35542852696134
12.7001750517044,19.2190594281807,2.33848013911654
7.94529102501921,21.1049266862451,2.31786238310772
5.67633759861657,21.6520359615189,2.24547541490533
9.39739248928978,19.6980722373407,2.2637501736632
7.90115188630247,20.8869711936864,2.31320094164919
8.82815072526927,19.7367868283016,2.2583544570701
10.3782084005989,19.4366439640644,2.29142538824687
10.4416611061252,20.1417615488088,2.31290263155841
9.08040059212284,20.7268998069364,2.33764677077004
10.2953212371265,19.2641421965741,2.28294132569162
8.12666982710764,21.1095160040237,2.32590196433876
11.2371338062854,19.0012134086725,2.29424466642402
9.34909765963914,20.0649895350899,2.30536772356407
4,24.0944803694705,2.32248489166394
10.3485501454525,18.7952671082676,2.24614692641976
10.0898778426173,20.5096014939835,2.36715856997299
8.96110062517105,21.0228853576641,2.34750696573302
9.68031901460028,19.7698871323996,2.30671109548991
8.44317575052182,19.7417883594296,2.25243733817863
6.2382395234432,23.189413065623,2.36545466698672
7.9818071930898,20.9783665739238,2.30274637760709
9.75014451838913,19.7398560470557,2.29051672119592
7.38799960842971,22.0323994419173,2.33275724711463
8.74489836196539,20.2103267566727,2.29071914354296
9.71115428802622,20.5069932991119,2.34098235523383
8.98003201081528,20.70724760797,2.33546441056416
6.9180813880773,20.1037461475851,2.21494599160818
10.4438676679118,20.1730415189705,2.33055743554537
8.99365576196443,20.6487129614657,2.3107516918715
6.44795091711378,22.4990468238878,2.36386422050521
6.21718534604378,20.9812024420268,2.28001267987639
4,24.529779746442,2.36947952050712
10.280362750413,19.3112559287621,2.29214807778085
9.46948224457584,20.53328031052,2.32582512314719
8.74242865275016,19.4540935334091,2.25214424470011
11.8977797322468,19.2696402791127,2.33594875361773
9.70177833429226,19.6348006363169,2.28205223875145
8.2556285119199,20.6446904551663,2.27085870007996
8.24347112114882,20.9858972612687,2.31339112054784
7.86358070972946,20.5442630726741,2.26999055378363
8.43743810286857,20.7380600154254,2.32646118304106
9.4740302043148,20.8352368169814,2.3358344892332
7.3770293898988,20.8638365592371,2.28764331163417
7.62356447885925,20.6867359938221,2.27175474052286
8.37779731596315,20.8038328248693,2.31904525465003
4.53899390416835,23.1797015671809,2.32346596420228
8.80845242061535,21.2660671135949,2.35930087169535
8.33079335526985,21.3201514579841,2.3510262324816
9.91711998052426,19.938934853295,2.33372752872775
9.38511589770611,19.1656239370501,2.25347077429117
8.48611615165651,19.399268165649,2.23882018356256
4,22.7019074938725,2.27821056701644
8.70171320958154,20.502294086059,2.3033018972407
9.23066901902784,19.9605900107672,2.28388145378176
8.40018155692081,18.6795468440201,2.19126959949592
9.9041102002277,20.7764487745513,2.3657192730583
8.81255881716501,19.0454181412212,2.20405415744094
6.64709174259312,22.383007566562,2.31054072532086
9.06625177742442,18.9284926023093,2.22575332916353
10.1604492825684,19.4885935997039,2.28727027738906
9.53137063825736,19.1144744900129,2.24648162282003
7.69814937882894,20.3658790499952,2.2930039933526
6.69223178138207,20.9719263072531,2.2776576054754
7.62654380638688,20.8022144432721,2.29326662292405
8.70682031958898,21.1422216100328,2.32888035305996
4,23.669529015865,2.3258995307351
10.5253272698472,18.9527670887357,2.28909052605692
8.57813900099049,19.9541266906544,2.25875712259974
6.89395911095667,20.1960992512793,2.25046521252054
10.1253519167282,19.7348415742322,2.30511207729559
6.76869252348025,22.189058052637,2.32130698787312
8.07458196152661,21.1550153006958,2.3459433934731
5.17460251521247,23.3924069556961,2.34569153064717
9.47105724103295,19.866475558803,2.2870918705093
4,23.5968626298911,2.32314281644
8.79277204585883,20.5793284267434,2.31853520148116
4,22.9338777755572,2.29552813928384
6.03678539549138,21.2611791099418,2.27443815662931
4.95138746993278,22.6344237656786,2.30186957114758
10.562280058075,19.3830571600145,2.28526125073111
8.69307334571089,20.3378968100318,2.30543752557471
10.27345025744,19.5860441401241,2.30707376124891
7.75317468008171,21.7604947311428,2.34234512377535
11.5130159362971,19.1689823516131,2.3481759655661
8.11412067005938,20.4037049930504,2.25671316097965
7.15098597424357,21.1053995998471,2.28080011767868
8.27870268255967,20.0199561447635,2.24104471571354
8.45732699148515,20.7770165646227,2.32536119419027
7.44070740686794,21.0084665362048,2.26392848291636
9.08317054770703,19.9402971750349,2.29763994027938
10.5631738128749,18.9048433129179,2.26684264561814
10.959283986874,19.3716050139811,2.29179635000655
9.58599347496751,19.4962392584944,2.27517818831228
8.50238885489304,19.679103572616,2.24677812582667
10.9375855057403,17.8277960982839,2.20406159093297
8.49841040021657,20.7737335773548,2.29656203089274
7.33988303776066,20.4882548662569,2.26855485334262
6.60071547054646,20.964470734432,2.27477691997302
5.93144970057303,21.6704982499424,2.29874254400099
4,23.4594208212154,2.31357323503132
10.4808078958558,19.3120078926212,2.28787258671177
4,23.7574318110397,2.32287492075869
6.85017793092227,22.8997699818751,2.36060408572751
4,23.3286338369875,2.28409400630415
9.21105489191536,18.976910409594,2.24173975140843
5.32268854244294,24.2078599953272,2.36887208188729
9.04789671723133,19.6297438621686,2.28932559548443
9.60623225383504,19.5283943890218,2.28541451916255
10.899430363305,19.2418306073011,2.32014905595437
9.64234067289935,20.4162182217883,2.32405789148049
8.51408070833049,19.3748258017748,2.22964643417319
10.8118629639705,19.9363382443965,2.36297574664478
7.2313797659179,22.8638004065129,2.37735754341061
7.12007905640148,21.3858575484429,2.3011046472959
10.6817282951008,19.019452193985,2.2673764475988
6.48792072793545,21.5061180290829,2.26381223074207
10.1892800364335,19.8527955721362,2.29090043215326
10.8716655705759,18.9378965351734,2.28812082760963
4.06102148393947,22.7945158932419,2.2838790768783
10.4109650204595,19.9705642638042,2.32178293204275
4,22.9514393069292,2.29089003027657
8.7434959591393,20.132354609336,2.26371005920772
4,22.5714958288473,2.26614824368262
6.74549565527917,21.3101191749671,2.27760651882758
4,24.8694708977115,2.38399684563162
9.05160469511399,17.9172399202267,2.1577080441365
9.51249220818908,19.4581301811832,2.2693804565149
9.9287712208635,19.7526044296405,2.29487220028635
8.97034219804338,19.6172640249156,2.27024504199792
10.9815380709433,19.7133846885518,2.32586901521596
4,24.1453500532713,2.34502459246038
9.29300194894741,20.7410985727704,2.34069232058606
8.45203477600422,20.2215257062827,2.26553892604421
8.74679080561226,19.6638933286872,2.24379252091481
4,23.932129567557,2.32788971419387
7.82277374102828,20.7838189102635,2.27219126416995
7.71907524014352,20.4160158127664,2.23322816717604
7.42452931987675,20.7836502977592,2.27798868492922
4.5602896289764,23.3477493949485,2.30574187870664
9.86477012521357,19.1757572743181,2.28422346225433
11.3534075029266,18.5247697852861,2.27032801372693
8.20285680435141,20.2914154564981,2.26745126466648
7.43090088795916,21.1413448348424,2.29874188887788
11.5237156513319,19.2189685683319,2.3180884446719
6.82304827554051,21.6334130482002,2.290976143962
6.67517083729981,21.9193694849123,2.30445881567506
8.11014331918796,18.9818979783392,2.21541330938645
6.36394031688823,22.5761608084966,2.32329192861703
6.95125003089895,21.5527179634362,2.30841642212647
8.31308263689561,20.956111657894,2.31770195257173
6.29374513994723,20.6286439289931,2.2512056320641
4.17036238498259,22.9570025506508,2.30739101052156
8.5700231414449,19.493272326746,2.2365847694151
9.00286154718998,19.3083063603283,2.24415942334602
7.6457166373098,20.7674910948496,2.27936508145891
9.51808736887272,20.4311633640509,2.33146270129609
8.68906443130874,20.6371865960879,2.31948343567243
9.11401913424542,20.5020340150249,2.35022962202076
8.02593784697939,20.6975456769742,2.28630137132526
8.25291126430174,20.9605288584277,2.31826691257155
7.00736239073713,21.2056797049464,2.28815938393404
7.81276399349466,21.4140894215069,2.30997935639763
10.1176471049969,19.787495042723,2.30218981172471
10.1346360272967,20.4483553993335,2.33260391630677
6.46840808577457,21.7254830161316,2.28263928656228
10.290081803944,18.5431337302843,2.24863429277007
6.56479841649862,21.5177324969111,2.29809663025808
4,23.6835305866831,2.30737350789429
10.8905811596786,18.1889198665079,2.24916333220589
6.05951365191789,22.828095789899,2.3441296347822
11.6672127714098,18.7429388477141,2.31179653991565
8.80684208421976,20.1307577650581,2.28653408258516
10.6704599364513,18.8720204655378,2.28599260960671
4,24.8795903748231,2.37349397280593
6.17347435577268,22.0250291845098,2.28068966020772
9.07729807337514,18.6308216924724,2.21307531426638
5.70358174342928,22.6281742703556,2.32457503411874
12.0557495250794,18.7179879906816,2.30861788052294
9.59215489857863,18.9970941906767,2.22763239666145
9.91890461957462,20.1296466632404,2.32543226391182
6.24253803823183,22.91474199036,2.33511607789361
11.6518357755305,17.6809567397593,2.24531047288793
9.05290356260135,19.6450631679628,2.2652960606131
7.73298218690507,20.1082144324808,2.24224871585992
7.88504130917386,21.6578222076318,2.34733712093636
8.06559663981364,20.5132186609853,2.26735609169628
10.5897101707681,18.0551531837482,2.23202750789904
6.43430423689487,20.2989247302143,2.21898631179274
9.31388667473938,20.4192476588595,2.31283389234309
7.4076467483311,20.890832948071,2.31151768097817
8.8555086604628,19.6081276099562,2.26910405656435
9.95954066769037,20.4825361735894,2.33127285695255
6.4751488188571,23.3026806412797,2.36174271667048
9.94330819201814,21.023947487087,2.35249807509463
7.1471423952359,21.4866945343929,2.29572267925361
5.45291345235116,22.7471644889706,2.30698592534908
10.7966030721497,18.8892113717498,2.29905181671911
8.83439414120083,19.6794270769951,2.28102898759468
10.4759329015615,18.9124128322394,2.26979515205837
4,23.6023675988386,2.31032646392384
6.22015622981228,21.9732175159073,2.29781092580349
4,23.3300561363079,2.27638218203061
8.81487794390987,20.9385219795303,2.3221995565563
8.315329053057,20.2510880916934,2.27657860348926
9.52456783003743,19.4172992662209,2.25818635235925
8.91047199098482,19.2010370116959,2.22386386048012
11.8018722461669,18.4029193518149,2.28868205104953
8.13803568058894,21.3452258745782,2.32243339624245
10.5929775341969,18.3709638051844,2.255342346081
10.4792362687103,20.044934293028,2.33969489057864
8.36703606316016,19.6690261752551,2.22706930770154
7.60115717297754,20.0238744235593,2.23123700463142
9.52955214809654,19.3640815436783,2.27243503287853
11.2802817853601,17.4405328729833,2.22620091281406
5.88976962512912,22.2845073197592,2.32339565857191
9.71589643647538,19.5933989569899,2.26936398148583
9.39832946573725,18.4724977803039,2.21547498349665
5.66985779339758,22.2597652445276,2.29765594383266
8.66350176970727,21.2507430744578,2.32436534500783
10.4913006309162,19.2048686799798,2.27960457269992
8.69627163022152,20.567238442107,2.3058144854059
10.7436091587962,18.6106064202059,2.26563490799975
4.0308299638643,23.1477276998984,2.28189584054179
8.76943737145736,20.8711739000984,2.32129520649821
6.60976528473332,22.1103330986685,2.31392448592686
7.51075647616345,21.1783266200366,2.29355856230026
9.77726133660536,18.8996909361519,2.29242795086091
7.09917920514601,20.0027549284438,2.21906338286792
9.14408714901923,20.6922094425271,2.32148648093857
4,23.9579773168095,2.35347176579538
9.12598380896767,20.4434616169418,2.30997560891287
5.48487187234842,22.5904684411114,2.29916251305199
9.48611725207819,18.9008697582873,2.21477613596792
9.49906047608158,20.1464806972212,2.31913970900239
6.16132101483864,21.6353775844508,2.30345375062629
5.17665324923666,23.7343795505162,2.3538184241461
10.3202669912646,19.3891979004718,2.27563012798759
7.80476907272013,20.9340606343391,2.28341316650876
8.49624812137472,19.3381669474432,2.24011042555756
7.72593622566332,21.5459802675772,2.31433937666483
9.68107915844361,18.9906435980309,2.21919021960032
8.43492417480527,21.0297206591228,2.33196034547382
9.97778556426774,19.75568921429,2.31822612895197
8.08409637030096,19.9803567671435,2.24690311517284
6.38231372877738,20.7962180062232,2.22308495037187
10.0068168014885,19.1999194217606,2.29350117846203
6.08481079020148,23.0295626285438,2.3740314592355
9.02662216549601,20.3349564374283,2.31499694598638
7.4998105479041,21.1668845087407,2.3189377406769
8.16870145086186,21.4527881128914,2.35075450318063
9.85579566133285,19.2116383982473,2.28834339807247
8.74404473001955,19.8392721619158,2.26340761338549
7.31370534239433,20.9052906509913,2.27420388962172
4,24.5001364835315,2.35512438321422
4,23.4293201115303,2.32404215265498
7.74908961278465,21.7265311830994,2.34357898303714
4,24.4481136517414,2.36951926512229
9.16450370757481,20.4885895128824,2.32664866255597
8.39866906595575,20.2309052324179,2.27106882949385
9.22066283019295,20.0332576647181,2.28277279337244
9.0059376345004,20.3518849063153,2.2879737957744
7.64352051295571,19.323708899177,2.16729537025844
9.95557387912011,19.141436830723,2.26336182555112
8.19132347538544,19.6243678255201,2.25738764818022
8.23214308059314,22.2668760895856,2.36659341621644
8.46582983934492,20.4726312969312,2.27790056160895
5.26486866702483,23.8957344349752,2.3541124628777
4.03270721244809,23.95940900938,2.33912264051804
10.0844692636773,19.6633906482445,2.31694427674169
7.26026161885366,21.6923429002403,2.32511242758354
7.1834544307532,21.3487982853209,2.28932848625067
8.20745578538277,21.4628965242333,2.34557211743334
9.04522702923888,19.9360526447865,2.26485959882216
5.04890151572266,23.5388761310157,2.36864772627931
8.81785543061768,19.863676234863,2.27616420830418
9.40670620575533,19.0634293567347,2.24328286165262
9.4279043145596,19.1658256664815,2.24738430584117
10.1980788520053,19.9310346795029,2.30245089281178
8.57639232255524,21.5502852988337,2.3544729194497
8.12027840622289,21.0900889891601,2.30370276683789
9.58635145297017,19.6557309917202,2.26892734640202
9.045404306375,21.8921452637172,2.36914155834141
7.72416325110611,20.62658814465,2.28338441438203
10.3974510499328,20.4682664799965,2.36700248753195
7.80106334511098,21.2760089796996,2.30162909048404
11.1778237222041,19.8215420089606,2.33966989235207
11.3667489513343,19.2014737500648,2.29363559545519
10.9291875666159,19.3232706841928,2.32343471633069
9.43764996223822,19.415159354044,2.27146804664225
10.6593236372329,18.74980988457,2.25398130525401
8.73968750934904,19.6558993210594,2.25427475317152
9.91578806698269,20.4921956220099,2.31692063157343
7.84994098704429,20.3037900855916,2.26259325384299
10.5663270935454,20.1404304539613,2.34775600836814
5.8208262366008,21.6937312411546,2.2817967808468
6.68892413920502,22.1665983696469,2.31702494523644
8.55130287726804,19.3812423135479,2.24198534152321
8.7037641663659,19.0670511477693,2.20781132311076
8.87387677638615,21.4702237592616,2.37291022515145
10.2849426028114,18.426093901696,2.22862002532402
10.7472217711324,18.7619654313116,2.27386226792706
8.91187966121114,20.685212566366,2.31615777089123
9.61351411601083,19.7563083903181,2.2940828942314
4,22.90650066586,2.28902720854333
4.94177005792042,21.9954468587748,2.26723601396723
6.81527568456282,21.1819263375413,2.28819599144151
8.45138855946753,20.9179647293967,2.29253454776216
9.11798738776444,21.5261912524573,2.3718557847683
6.75089539162822,21.1397559726796,2.26917830572925
8.68260376173699,19.9940180011302,2.26185077310933
9.52971156741727,19.9261521886701,2.30907956872935
10.6800118012205,19.7896913775298,2.3618231738725
9.05823024849214,20.6218414214401,2.33119725453225
11.1983257803932,19.3230926291112,2.29835134425987
9.4194977521756,18.234400195909,2.19852150720334
9.75298062202737,18.7170480316305,2.22229476042124
8.8019422053985,19.859123472829,2.2240686194063
8.84894075983741,20.256612106605,2.28451047100354
7.99973504080083,19.9933952230136,2.23680153545227
5.39608301711752,23.6176650398609,2.39365983157934
7.93194195764495,22.4823434586711,2.38903543705486
6.25793553670026,21.806460857653,2.30235987669895
10.0527611663684,19.7116106118294,2.3029126436673
10.5631186871891,19.2893689513653,2.28708376295962
9.20302638015498,20.085989511421,2.30452003391702
8.97891275041431,20.004924908764,2.2942513356544
4,22.9905865554101,2.27393849351961
8.2053995837113,20.6902408527038,2.29798927157068
8.44146076499027,22.0608127633397,2.37558490169537
10.1812436910459,18.8868512036838,2.26784782293516
4,22.8867830600463,2.27265786054438
4,23.931464770694,2.33432869597821
9.48923895806969,20.2595998088441,2.30111634746126
9.9426876092274,18.5699986396162,2.21207905326533
10.1210785491863,19.3713032417461,2.26558873876742
8.28368524686695,20.721344828591,2.29412873704437
8.3383430623843,20.0766290582744,2.24431777361292
9.9686469463304,18.5402582399584,2.2707846863928
7.35669186218005,20.7710419316734,2.28659377063474
8.38132423215233,19.7647800101794,2.25647804669974
9.4098694011266,19.5873553249353,2.28114712618293
11.3538146930207,18.665215397458,2.26875256796027
9.99098244700933,18.3841547803798,2.19641988752222
7.43601343080048,21.1956341916097,2.30041450062307
10.0647508109264,19.4814377443229,2.28352399177973
11.7226922860039,18.6377130247917,2.27809235615388
10.5714385131575,18.3340048654578,2.2291165554092
9.96372176905686,20.3826153168639,2.34011433475073
9.25706331647073,19.163529553685,2.2247790656964
5.70146928470278,22.3856812524519,2.31860686684295
7.23953637949457,20.9396560328278,2.27060426871915
7.81541275763447,21.3031037815766,2.32974924833767
6.8010418111127,21.0844642781979,2.24729722035538
7.81897574278338,20.2978200889817,2.27702812669149
8.89550030341361,19.3801564081795,2.26816710456897
10.5200114690352,19.226608307543,2.28467649147337
8.9752918840364,19.5867386665755,2.24799352909703
7.68691849457141,20.5596566961738,2.26183814705935
7.58231578030876,21.3191751782404,2.3230205112539
6.46971572172999,20.3680179646171,2.22006033088324
4.3884894309579,23.018263207149,2.28668487065918
6.50143151702594,22.4606611375981,2.35208843001788
11.480782785564,19.3532100749771,2.32746232622228
6.54791351042935,20.9113565204281,2.24171967649946
9.4326819095903,20.2716618964732,2.30222685540211
6.62614017337463,20.4596930410699,2.21925844395305
8.41723825809087,21.4857995319704,2.32025988949091
10.4751780908511,19.741444030397,2.3082332523216
9.70350224535823,19.2098297002831,2.25842568423034
